Date,Open,High,Low,Close,Adj Close,Volume
2008-09-12,13.39,13.64,12.95,13.32,10.657247,50300
2008-09-15,12.94,13.44,11.5,12.94,10.353211,167800
2008-09-16,12.69,12.69,11.98,12.15,9.721138999999999,74100
2008-09-17,11.93,11.93,11.1,11.3,9.041058999999999,153500
2008-09-18,11.58,11.61,9.75,10.3,8.240963,216500
2008-09-19,10.65,11.07,10.24,10.5,8.400985,134400
2008-09-22,10.46,10.55,9.78,10.2,8.160957000000002,96100
2008-09-23,10.15,10.56,9.87,10.51,8.408984,86300
2008-09-24,10.18,10.18,9.84,10.15,8.12095,67000
2008-09-25,9.95,10.4,9.95,10.25,8.200958,58800
2008-09-26,9.89,9.99,8.53,9.52,7.616892,119100
2008-09-29,9.24,9.24,8.05,8.2,6.5607679999999995,109900
2008-09-30,8.16,8.2,7.78,7.96,6.368745,114200
2008-10-01,7.9,8.42,7.79,7.84,6.272735,76800
2008-10-02,7.71,7.98,7.14,7.2,5.760674,122600
2008-10-03,7.27,7.58,6.99,6.99,5.5926540000000005,162200
2008-10-06,6.85,7.03,6.0,6.44,5.152604,236900
2008-10-07,6.54,6.93,6.05,6.11,4.888573,84000
2008-10-08,6.0,6.1,5.64,5.81,4.648544,81000
2008-10-09,5.88,6.1,5.61,5.61,4.488525,41000
2008-10-10,5.45,6.37,5.1,5.69,4.552533,165900
2008-10-13,5.83,6.44,5.8,6.05,4.840568,113900
2008-10-14,6.18,6.3,6.0,6.17,4.936578,88900
2008-10-15,6.18,6.24,5.83,6.0,4.8005629999999995,67000
2008-10-16,6.01,6.31,5.9,6.26,5.008586,46900
2008-10-17,6.13,7.54,6.04,7.33,5.864686,95600
2008-10-20,7.06,8.32,7.06,8.23,6.584771000000001,157300
2008-10-21,8.24,8.98,8.24,8.63,6.904808,290100
2008-10-22,8.49,8.52,8.1,8.39,6.712786,89800
2008-10-23,8.3,8.6,7.91,8.12,6.49676,72700
2008-10-24,7.87,7.87,6.4,7.17,5.736671,78800
2008-10-27,7.18,7.18,5.51,5.83,4.664546,133400
2008-10-28,5.91,6.14,5.3,5.49,4.392515,94300
2008-10-29,5.64,6.7,5.55,6.59,5.272616999999999,244000
2008-10-30,6.65,6.97,6.54,6.76,5.408633999999999,71700
2008-10-31,6.31,7.0,6.28,7.0,5.600656,45500
2008-11-03,6.85,7.42,6.73,7.34,5.872686,46500
2008-11-04,7.27,7.63,7.0,7.37,5.896691000000001,104700
2008-11-05,7.29,7.29,6.6,6.64,5.312621,48000
2008-11-06,6.56,6.56,6.13,6.15,4.920577,22500
2008-11-07,6.28,6.45,6.2,6.27,5.016588,22500
2008-11-10,6.39,6.39,5.85,6.04,4.832565,17800
2008-11-11,5.92,5.92,5.31,5.5,4.400515,37500
2008-11-12,5.44,5.58,4.58,4.58,3.664429,126500
2008-11-13,4.6,4.91,4.2,4.36,3.488408,113800
2008-11-14,4.34,4.6,4.26,4.26,3.4083989999999997,79100
2008-11-17,4.26,4.4,4.11,4.27,3.4164,30400
2008-11-18,4.23,4.23,3.92,4.01,3.208376,39100
2008-11-19,4.05,4.19,3.69,3.74,2.9923509999999998,55500
2008-11-20,3.77,3.77,3.25,3.31,2.64831,133400
2008-11-21,3.3,3.66,3.25,3.57,2.856335,157300
2008-11-24,3.61,5.27,3.35,5.19,4.152486,247600
2008-11-25,5.19,5.25,4.86,5.2,4.160487,70700
2008-11-26,5.08,5.61,4.6,5.58,4.464523000000001,71800
2008-11-28,5.23,5.5,5.16,5.34,4.272501,22000
2008-12-01,5.19,5.19,4.81,4.98,3.984467,45200
2008-12-02,5.04,5.3,4.93,4.97,3.9764660000000003,26000
2008-12-03,5.0,5.37,5.0,5.33,4.264499,38000
2008-12-04,5.47,5.63,5.31,5.49,4.392515,53200
2008-12-05,5.46,5.76,5.13,5.75,4.600539,43100
2008-12-08,5.97,6.14,5.82,5.89,4.712551,40500
2008-12-09,5.93,5.93,5.02,5.04,4.032471,15700
2008-12-10,5.15,5.66,5.01,5.28,4.224495,24100
2008-12-11,5.3,5.3,5.04,5.21,4.168489,14900
2008-12-12,5.29,5.29,4.86,5.04,4.032471,52300
2008-12-15,5.13,5.48,4.64,4.74,3.792445,29700
2008-12-16,4.77,5.03,4.59,4.89,3.912457,24700
2008-12-17,4.88,5.14,4.42,4.78,3.824447,43500
2008-12-18,4.94,4.94,4.5,4.57,3.656428,8000
2008-12-19,4.78,4.78,4.38,4.44,3.5524160000000005,26500
2008-12-22,4.42,4.42,3.73,3.74,2.9923509999999998,181100
2008-12-23,3.76,4.03,3.45,3.65,2.9203419999999998,95500
2008-12-24,3.68,3.95,3.55,3.95,3.16037,38300
2008-12-26,4.02,4.12,3.91,4.01,3.208376,39300
2008-12-29,4.15,4.15,4.01,4.1,3.2803839999999997,27700
2008-12-30,4.06,4.14,4.01,4.11,3.2883839999999998,51000
2008-12-31,4.05,4.65,3.94,4.59,3.672429,39500
2009-01-02,4.72,4.74,4.11,4.25,3.4003980000000005,130500
2009-01-05,4.25,4.39,3.95,4.06,3.24838,36000
2009-01-06,4.23,4.55,4.03,4.17,3.33639,73500
2009-01-07,4.16,4.43,4.06,4.14,3.312388,53500
2009-01-08,4.26,4.41,4.18,4.33,3.464406,26500
2009-01-09,4.4,4.45,4.22,4.26,3.4083989999999997,9900
2009-01-12,4.44,4.44,4.18,4.24,3.3923959999999997,24800
2009-01-13,4.17,4.23,3.97,4.02,3.216377,21700
2009-01-14,4.01,4.21,3.95,4.21,3.3683949999999996,28400
2009-01-15,4.04,4.15,3.9,3.95,3.16037,45000
2009-01-16,4.1,4.15,3.88,4.15,3.320389,19300
2009-01-20,4.01,4.13,3.91,4.07,3.256381,30100
2009-01-21,3.96,4.14,3.87,4.06,3.24838,9500
2009-01-22,4.05,4.05,3.9,3.98,3.184373,13000
2009-01-23,3.87,3.97,3.83,3.87,3.096363,12400
2009-01-26,3.85,4.11,3.82,3.84,3.0723599999999998,14200
2009-01-27,3.98,4.07,3.8,4.03,3.224377,9700
2009-01-28,4.24,4.24,3.9,3.93,3.144368,13100
2009-01-29,4.03,4.18,3.98,4.02,3.216377,7800
2009-01-30,4.13,4.13,3.9,3.92,3.136367,6400
2009-02-02,3.9,3.9,3.62,3.72,2.9763479999999998,45500
2009-02-03,3.83,3.83,3.58,3.64,2.912341,21800
2009-02-04,3.59,3.63,3.3,3.34,2.672312,39200
2009-02-05,3.23,3.23,2.31,2.93,2.344274,194700
2009-02-06,2.99,3.27,2.94,3.15,2.520295,25100
2009-02-09,2.99,3.08,2.95,3.02,2.416282,24500
2009-02-10,3.02,3.07,2.99,3.01,2.408281,13200
2009-02-11,3.0,3.1,2.98,3.1,2.48029,29100
2009-02-12,2.99,3.04,2.86,2.91,2.328273,46600
2009-02-13,2.97,3.07,2.59,2.74,2.192257,65200
2009-02-17,2.75,2.96,2.61,2.65,2.1202490000000003,41400
2009-02-18,2.73,2.97,2.64,2.86,2.288268,38500
2009-02-19,2.8,2.86,2.75,2.82,2.256264,23000
2009-02-20,2.7,2.76,2.65,2.72,2.176255,88600
2009-02-23,2.72,2.8,2.56,2.62,2.096245,24800
2009-02-24,2.58,2.65,2.52,2.61,2.088245,31700
2009-02-25,2.65,2.65,2.42,2.42,1.9362259999999998,60000
2009-02-26,2.51,2.65,2.22,2.31,1.848216,67100
2009-02-27,2.38,2.5,2.26,2.5,2.000234,39400
2009-03-02,2.43,2.43,2.26,2.26,1.808212,18500
2009-03-03,2.36,2.51,2.25,2.26,1.808212,23300
2009-03-04,2.29,2.32,2.22,2.24,1.7922099999999999,27700
2009-03-05,2.18,2.29,2.15,2.18,1.744204,15400
2009-03-06,2.16,2.25,2.0,2.04,1.632191,30900
2009-03-09,2.12,2.15,1.97,1.97,1.576185,40500
2009-03-10,2.15,2.35,2.06,2.35,1.88022,51000
2009-03-11,2.33,2.33,1.6,1.95,1.560183,602600
2009-03-12,1.88,2.01,1.8,2.01,1.608188,111200
2009-03-13,2.01,2.26,2.01,2.24,1.7922099999999999,79700
2009-03-16,2.32,2.33,2.15,2.21,1.7682069999999999,38400
2009-03-17,2.11,2.45,2.1,2.31,1.848216,54900
2009-03-18,2.41,2.41,2.27,2.34,1.8722189999999999,15000
2009-03-19,2.38,2.45,2.25,2.28,1.824214,18500
2009-03-20,2.37,2.43,2.31,2.4,1.920225,10500
2009-03-23,2.5,2.55,2.43,2.47,1.976232,25600
2009-03-24,2.44,2.8,2.44,2.8,2.240262,17500
2009-03-25,2.75,2.88,2.66,2.77,2.216259,26500
2009-03-26,2.68,2.87,2.68,2.87,2.296268,18200
2009-03-27,2.81,2.81,2.65,2.7,2.160253,23600
2009-03-30,2.65,2.65,2.53,2.55,2.040239,7600
2009-03-31,2.59,2.6,2.54,2.56,2.0482400000000003,20800
2009-04-01,2.52,2.66,2.52,2.58,2.0642419999999997,19300
2009-04-02,2.6,2.87,2.6,2.8,2.240262,16300
2009-04-03,2.77,2.91,2.75,2.89,2.3122700000000003,12900
2009-04-06,2.77,2.8,2.7,2.78,2.2242599999999997,27300
2009-04-07,2.72,2.77,2.63,2.67,2.13625,21000
2009-04-08,2.63,2.72,2.63,2.71,2.168253,15000
2009-04-09,2.75,3.0,2.74,2.91,2.328273,56400
2009-04-13,2.86,2.95,2.79,2.83,2.264265,51000
2009-04-14,2.85,2.9,2.67,2.67,2.13625,159300
2009-04-15,2.37,2.83,2.35,2.78,2.2242599999999997,30400
2009-04-16,2.75,2.89,2.73,2.89,2.3122700000000003,49200
2009-04-17,2.93,3.22,2.91,3.0,2.400281,62600
2009-04-20,3.0,3.39,2.91,2.98,2.3842790000000003,40900
2009-04-21,2.98,3.37,2.98,3.21,2.568301,41600
2009-04-22,3.11,3.71,3.11,3.65,2.9203419999999998,49300
2009-04-23,3.65,4.07,3.6,4.0,3.200375,68300
2009-04-24,3.97,4.15,3.85,4.14,3.312388,41400
2009-04-27,3.98,4.05,3.71,4.05,3.24038,32400
2009-04-28,3.91,4.34,3.91,4.23,3.3843959999999997,15900
2009-04-29,4.31,4.45,4.22,4.29,3.4324019999999997,24800
2009-04-30,4.39,4.6,4.36,4.39,3.5124120000000003,35700
2009-05-01,4.38,4.4,4.27,4.32,3.456405,11200
2009-05-04,4.28,4.4,4.26,4.38,3.504411,14700
2009-05-05,4.27,4.48,4.27,4.47,3.576419,11400
2009-05-06,4.53,4.62,4.32,4.55,3.640426,21500
2009-05-07,4.46,4.5,4.46,4.46,3.568418,4200
2009-05-08,3.57,4.57,3.36,4.15,3.320389,103900
2009-05-11,4.1,4.1,3.89,4.0,3.200375,36000
2009-05-12,4.0,4.02,3.9,4.0,3.200375,17200
2009-05-13,4.0,4.0,3.91,3.91,3.128366,6500
2009-05-14,3.98,4.0,3.9,3.95,3.16037,5000
2009-05-15,3.99,4.05,3.96,4.0,3.200375,37600
2009-05-18,3.92,4.18,3.92,4.08,3.264382,27500
2009-05-19,4.09,4.29,4.09,4.09,3.272383,3700
2009-05-20,4.07,4.24,4.05,4.13,3.304387,9400
2009-05-21,4.17,4.21,4.17,4.17,3.33639,4200
2009-05-22,4.21,4.27,4.21,4.25,3.4003980000000005,8200
2009-05-26,4.3,4.5,4.29,4.47,3.576419,17900
2009-05-27,4.49,4.64,4.48,4.61,3.688432,19500
2009-05-28,4.63,4.84,4.63,4.84,3.8724529999999997,29300
2009-05-29,4.85,4.98,4.78,4.98,3.984467,38800
2009-06-01,4.99,5.12,4.93,5.02,4.016471,49200
2009-06-02,4.61,5.35,4.0,5.29,4.232495,60500
2009-06-03,5.29,5.37,5.18,5.36,4.288501,69600
2009-06-04,5.32,5.59,5.2,5.59,4.472523000000001,25000
2009-06-05,5.59,5.74,5.27,5.36,4.288501,30500
2009-06-08,5.68,5.68,5.1,5.39,4.312505000000001,17400
2009-06-09,5.41,5.65,5.35,5.65,4.520529,19100
2009-06-10,5.74,5.74,5.3,5.43,4.3445089999999995,18600
2009-06-11,5.56,5.96,5.41,5.96,4.768559,52800
2009-06-12,5.89,5.89,5.43,5.83,4.664546,11400
2009-06-15,5.66,5.66,5.39,5.41,4.328506,27500
2009-06-16,5.41,5.41,5.22,5.23,4.184491,5200
2009-06-17,5.22,5.22,5.1,5.12,4.096479,8000
2009-06-18,5.14,5.25,5.14,5.25,4.200492,11200
2009-06-19,5.1,5.25,4.9,4.95,3.960464,26300
2009-06-22,4.89,5.1,4.89,5.01,4.00847,9400
2009-06-23,5.01,5.1,5.01,5.06,4.048474,17200
2009-06-24,5.05,5.1,5.01,5.05,4.040473,9300
2009-06-25,5.17,5.17,5.08,5.11,4.088479,4600
2009-06-26,5.1,5.1,4.95,4.99,3.9924690000000003,12100
2009-06-29,4.81,4.93,4.8,4.93,3.944462,4000
2009-06-30,4.83,5.0,4.8,4.98,3.984467,22100
2009-07-01,4.9,4.96,4.86,4.86,3.8884550000000004,7300
2009-07-02,4.89,4.89,4.44,4.75,3.800445,51500
2009-07-06,4.78,4.81,4.38,4.69,3.752439,33500
2009-07-07,4.79,4.79,4.37,4.42,3.5364139999999997,21500
2009-07-08,4.43,4.45,3.8,4.16,3.328389,61800
2009-07-09,4.15,4.17,4.05,4.07,3.256381,23500
2009-07-10,4.09,4.12,4.08,4.09,3.272383,11100
2009-07-13,4.03,4.09,3.93,4.09,3.272383,25000
2009-07-14,4.05,4.05,3.93,4.03,3.224377,20200
2009-07-15,4.0,4.33,3.95,4.33,3.464406,60800
2009-07-16,4.39,4.6,4.34,4.49,3.592421,13600
2009-07-17,4.4,4.43,4.18,4.43,3.5444139999999997,11800
2009-07-20,4.44,4.67,4.44,4.6,3.6804309999999996,11800
2009-07-21,4.26,4.82,4.26,4.67,3.7364379999999997,27200
2009-07-22,4.71,5.12,4.49,4.82,3.8564519999999995,60700
2009-07-23,4.97,4.97,4.72,4.89,3.912457,22300
2009-07-24,4.99,5.1,4.94,5.0,4.000468,12100
2009-07-27,4.99,5.59,4.99,5.27,4.216494,21300
2009-07-28,5.27,5.38,5.12,5.22,4.17649,14800
2009-07-29,5.16,5.16,5.04,5.08,4.064476,3000
2009-07-30,5.09,5.24,5.08,5.09,4.072476999999999,4300
2009-07-31,5.06,5.48,5.06,5.48,4.384514,11800
2009-08-03,5.43,5.57,5.15,5.39,4.312505000000001,6800
2009-08-04,5.39,5.39,5.22,5.34,4.272501,6300
2009-08-05,5.4,5.4,5.02,5.02,4.016471,15500
2009-08-06,5.03,5.25,5.03,5.06,4.048474,26300
2009-08-07,5.16,5.16,4.97,5.05,4.040473,51900
2009-08-10,5.08,5.08,4.84,4.84,3.8724529999999997,13800
2009-08-11,4.65,4.75,4.57,4.75,3.800445,8600
2009-08-12,4.72,4.9,4.59,4.9,3.92046,13000
2009-08-13,4.9,5.0,4.86,4.86,3.8884550000000004,14200
2009-08-14,4.8,4.85,4.7,4.8,3.84045,11300
2009-08-17,4.7,4.83,4.5,4.81,3.84845,22200
2009-08-18,4.78,5.16,4.78,5.14,4.112483,13300
2009-08-19,5.06,5.18,4.88,5.17,4.136486,6000
2009-08-20,5.1,5.15,4.95,5.14,4.112483,6700
2009-08-21,5.17,5.35,5.17,5.23,4.184491,11700
2009-08-24,5.25,5.3,4.8,5.3,4.2404980000000005,12500
2009-08-25,5.0,5.22,4.98,5.15,4.120481,17700
2009-08-26,5.21,5.31,5.21,5.3,4.2404980000000005,9400
2009-08-27,4.97,5.2,4.97,5.2,4.160487,10800
2009-08-28,5.3,5.39,5.27,5.32,4.256498000000001,13400
2009-08-31,5.21,5.43,5.15,5.43,4.3445089999999995,13600
2009-09-01,5.3,5.4,5.05,5.05,4.040473,9900
2009-09-02,5.03,5.18,4.93,5.1,4.080479,26400
2009-09-03,5.11,5.24,5.1,5.18,4.144486,4700
2009-09-04,5.19,5.34,5.19,5.25,4.200492,11300
2009-09-08,5.3,5.45,5.3,5.31,4.248497,17400
2009-09-09,5.4,5.8,5.4,5.52,4.4165160000000006,25600
2009-09-10,5.6,5.7,5.6,5.66,4.52853,21600
2009-09-11,5.73,5.84,5.5,5.54,4.432518,25400
2009-09-14,5.32,5.51,5.22,5.35,4.280501,21300
2009-09-15,5.6,5.9,5.31,5.31,4.248497,24200
2009-09-16,5.84,5.84,5.4,5.49,4.392515,13500
2009-09-17,5.56,5.63,5.4,5.5,4.400515,11700
2009-09-18,5.58,5.76,5.45,5.45,4.360511,43500
2009-09-21,5.57,5.6,5.39,5.6,4.480524,7600
2009-09-22,5.66,5.96,5.57,5.74,4.592537,20200
2009-09-23,5.7,5.9,5.57,5.73,4.584537999999999,8600
2009-09-24,5.83,5.84,5.49,5.64,4.5125269999999995,13700
2009-09-25,5.72,5.74,5.4,5.59,4.472523000000001,9600
2009-09-28,5.6,5.86,5.59,5.62,4.496526,6700
2009-09-29,5.89,5.89,5.43,5.44,4.35251,10600
2009-09-30,5.56,5.56,5.3,5.3,4.2404980000000005,6500
2009-10-01,5.36,5.39,5.09,5.09,4.072476999999999,8100
2009-10-02,5.06,5.19,4.75,5.15,4.120481,45800
2009-10-05,5.14,5.19,5.1,5.19,4.152486,7200
2009-10-06,5.18,5.53,5.15,5.17,4.136486,22600
2009-10-07,5.22,5.59,4.92,5.24,4.192491,26400
2009-10-08,5.23,5.53,5.23,5.31,4.248497,11100
2009-10-09,5.38,5.46,5.3,5.35,4.280501,9900
2009-10-12,5.63,5.63,5.45,5.46,4.368511,5000
2009-10-13,5.55,5.55,5.4,5.42,4.336507,8900
2009-10-14,5.44,5.7,5.44,5.67,4.53653,19000
2009-10-15,5.71,5.9,5.57,5.8,4.640544,15900
2009-10-16,5.66,5.9,5.38,5.8,4.640544,13200
2009-10-19,5.81,5.95,5.81,5.84,4.672547,15800
2009-10-20,5.75,6.0,5.75,5.82,4.656546,6300
2009-10-21,5.85,6.07,5.85,6.0,4.8005629999999995,11600
2009-10-22,6.0,6.17,5.76,5.89,4.712551,8200
2009-10-23,5.83,6.07,5.83,5.96,4.768559,8700
2009-10-26,5.85,6.1,5.76,5.87,4.696549,8500
2009-10-27,5.96,5.96,5.57,5.71,4.568535,19000
2009-10-28,5.61,5.71,5.2,5.71,4.568535,26100
2009-10-29,5.73,6.07,5.31,6.01,4.8085629999999995,54600
2009-10-30,5.98,5.98,5.47,5.67,4.53653,23800
2009-11-02,5.65,5.96,5.56,5.93,4.744554,21300
2009-11-03,6.4,6.45,6.05,6.35,5.080595,50100
2009-11-04,6.38,6.9,6.25,6.9,5.520647,51200
2009-11-05,6.91,6.91,6.51,6.78,5.424633999999999,35400
2009-11-06,6.49,6.73,6.43,6.57,5.256615,16500
2009-11-09,6.62,6.84,6.32,6.32,5.056593,22900
2009-11-10,6.4,6.61,6.28,6.5,5.200609,15200
2009-11-11,6.45,6.65,6.23,6.65,5.320623,13500
2009-11-12,6.5,6.65,6.33,6.51,5.20861,12100
2009-11-13,6.52,6.68,6.27,6.4,5.1206,8600
2009-11-16,6.4,6.69,6.4,6.55,5.240613,9100
2009-11-17,6.5,6.6,6.41,6.41,5.1286,8900
2009-11-18,6.45,6.6,6.4,6.49,5.192608,15800
2009-11-19,6.6,6.6,6.41,6.5,5.200609,12400
2009-11-20,6.4,6.64,6.18,6.43,5.144602,16700
2009-11-23,6.43,6.46,6.19,6.35,5.080595,32700
2009-11-24,6.27,6.4,6.24,6.39,5.112598,4100
2009-11-25,6.17,6.4,6.17,6.4,5.1206,13200
2009-11-27,6.31,6.31,6.07,6.17,4.936578,5300
2009-11-30,6.2,6.29,6.18,6.21,4.9685809999999995,12200
2009-12-01,6.26,6.52,6.19,6.52,5.21661,19600
2009-12-02,6.25,6.44,6.19,6.44,5.152604,7400
2009-12-03,6.22,6.38,6.19,6.33,5.064592,5400
2009-12-04,6.33,6.33,6.22,6.32,5.056593,19400
2009-12-07,6.31,6.31,6.21,6.27,5.016588,12300
2009-12-08,6.18,6.44,6.02,6.43,5.144602,29100
2009-12-09,6.43,6.43,6.18,6.3,5.04059,15500
2009-12-10,6.34,6.6,6.3,6.31,5.048592,19400
2009-12-11,6.35,6.35,6.31,6.33,5.064592,4100
2009-12-14,6.3,6.37,6.03,6.03,4.824565,31200
2009-12-15,6.0,6.33,6.0,6.28,5.024588,18500
2009-12-16,6.3,6.3,6.05,6.06,4.848568,6900
2009-12-17,6.29,6.3,6.08,6.25,5.000585,11400
2009-12-18,6.22,6.31,6.18,6.25,5.000585,43500
2009-12-21,6.25,6.33,6.18,6.28,5.024588,49800
2009-12-22,6.28,6.35,6.2,6.29,5.032588,9900
2009-12-23,6.34,6.6,6.25,6.6,5.280618,30100
2009-12-24,6.53,6.56,6.48,6.52,5.21661,4400
2009-12-28,6.51,6.55,6.4,6.55,5.240613,12100
2009-12-29,6.55,6.58,6.47,6.5,5.200609,104700
2009-12-30,6.59,6.84,6.42,6.84,5.472641,27100
2009-12-31,6.84,6.94,6.5,6.94,5.55265,12800
2010-01-04,6.94,7.12,6.88,7.1,5.680665,16800
2010-01-05,7.09,7.2,7.06,7.06,5.648661,14600
2010-01-06,7.0,7.18,6.76,6.99,5.5926540000000005,16300
2010-01-07,6.91,7.04,6.9,7.04,5.632658999999999,17500
2010-01-08,7.07,7.22,7.0,7.05,5.64066,10600
2010-01-11,7.07,7.25,7.07,7.11,5.6886660000000004,9900
2010-01-12,7.08,7.39,7.06,7.3,5.840683,13100
2010-01-13,7.25,7.4,7.18,7.4,5.920694,10500
2010-01-14,7.02,7.57,7.02,7.57,6.05671,18600
2010-01-15,7.57,7.64,7.34,7.5,6.000703,22200
2010-01-19,7.5,7.63,7.37,7.57,6.05671,18400
2010-01-20,7.51,7.51,7.23,7.49,5.9927019999999995,3400
2010-01-21,7.4,7.46,7.2,7.29,5.832682,37300
2010-01-22,7.34,7.34,7.19,7.25,5.800678,19600
2010-01-25,7.29,7.37,7.23,7.3,5.840683,20900
2010-01-26,7.3,7.6,7.24,7.5,6.000703,27100
2010-01-27,7.4,7.4,7.3,7.3,5.840683,235200
2010-01-28,7.32,7.32,7.01,7.29,5.832682,37100
2010-01-29,7.3,7.35,7.1,7.25,5.800678,6300
2010-02-01,7.25,7.25,7.08,7.13,5.704667,41500
2010-02-02,7.1,7.18,6.91,7.18,5.744671,7600
2010-02-03,7.2,7.37,7.15,7.31,5.848685,17500
2010-02-04,6.9,7.31,6.9,7.24,5.7926779999999995,9400
2010-02-05,7.21,7.21,7.0,7.16,5.72867,12700
2010-02-08,7.11,7.55,7.03,7.34,5.872686,61000
2010-02-09,7.4,7.51,7.1,7.29,5.832682,55200
2010-02-10,7.07,7.8,7.03,7.45,5.960698000000001,67900
2010-02-11,7.66,7.68,7.12,7.46,5.968699,102300
2010-02-12,7.46,7.77,7.4,7.75,6.200726,40100
2010-02-16,7.81,7.81,7.49,7.6,6.080711,8400
2010-02-17,7.72,7.72,7.5,7.7,6.160721,8100
2010-02-18,7.74,7.74,7.5,7.65,6.120716000000001,8100
2010-02-19,7.41,7.64,7.27,7.4,5.920694,29300
2010-02-22,7.36,7.58,7.36,7.5,6.000703,39800
2010-02-23,7.54,7.54,7.46,7.5,6.000703,20300
2010-02-24,7.5,7.6,7.46,7.53,6.024705,30900
2010-02-25,7.5,7.57,7.37,7.5,6.000703,28900
2010-02-26,7.44,7.55,7.44,7.55,6.040708,54600
2010-03-01,7.55,7.7,7.5,7.54,6.032706,20700
2010-03-02,7.49,7.61,7.49,7.51,6.008703,11400
2010-03-03,7.56,7.64,7.52,7.59,6.072711,7100
2010-03-04,7.54,7.65,7.5,7.52,6.016705,58500
2010-03-05,7.59,7.61,7.47,7.6,6.080711,106300
2010-03-08,7.6,7.75,7.3,7.74,6.192726,12600
2010-03-09,7.74,7.83,7.49,7.8,6.24073,24000
2010-03-10,7.01,7.19,6.25,7.19,5.752673000000001,201500
2010-03-11,7.07,7.34,6.85,7.22,5.776676999999999,70800
2010-03-12,7.23,7.41,6.93,7.41,5.928694999999999,45500
2010-03-15,7.25,7.43,7.08,7.43,5.944694999999999,32500
2010-03-16,7.42,7.5,7.29,7.44,5.9526959999999995,17600
2010-03-17,7.31,7.49,7.21,7.49,5.9927019999999995,28400
2010-03-18,7.33,7.37,7.22,7.35,5.880688,13700
2010-03-19,7.28,7.7,7.26,7.7,6.160721,57600
2010-03-22,7.63,7.64,7.35,7.55,6.040708,11400
2010-03-23,7.63,7.63,7.49,7.63,6.104715000000001,5600
2010-03-24,7.58,7.59,7.41,7.48,5.984701,6400
2010-03-25,7.39,7.58,7.34,7.49,5.9927019999999995,16200
2010-03-26,7.55,7.55,7.5,7.5,6.000703,2900
2010-03-29,7.45,7.45,7.12,7.28,5.824682,17100
2010-03-30,7.23,7.43,7.19,7.43,5.944694999999999,16400
2010-03-31,7.45,7.45,7.27,7.35,5.880688,10000
2010-04-01,7.4,7.44,7.31,7.31,5.848685,11700
2010-04-05,7.32,7.51,7.3,7.38,5.904691000000001,11100
2010-04-06,7.33,7.54,7.06,7.2,5.760674,35700
2010-04-07,7.33,7.34,7.17,7.28,5.824682,13400
2010-04-08,7.24,7.48,7.24,7.47,5.976699,20300
2010-04-09,7.29,7.37,7.29,7.37,5.896691000000001,3200
2010-04-12,7.41,7.41,7.1,7.25,5.800678,10900
2010-04-13,7.23,7.32,7.15,7.21,5.768675,14800
2010-04-14,7.32,7.39,7.29,7.32,5.856686,5300
2010-04-15,7.24,7.26,7.15,7.19,5.752673000000001,7700
2010-04-16,7.2,7.25,7.14,7.23,5.784676999999999,7900
2010-04-19,7.21,7.21,6.94,7.04,5.632658999999999,29900
2010-04-20,7.06,7.15,7.0,7.12,5.696667,6600
2010-04-21,7.08,7.19,7.05,7.08,5.664662,4000
2010-04-22,7.06,7.36,7.06,7.36,5.88869,2900
2010-04-23,7.39,7.49,7.32,7.43,5.944694999999999,11600
2010-04-26,7.48,7.48,7.31,7.35,5.880688,10400
2010-04-27,7.27,7.27,7.05,7.2,5.760674,8900
2010-04-28,7.16,7.38,7.11,7.11,5.6886660000000004,8500
2010-04-29,7.18,7.5,7.06,7.5,6.000703,14700
2010-04-30,7.44,7.49,7.33,7.49,5.9927019999999995,6100
2010-05-03,7.44,7.52,7.3,7.49,5.9927019999999995,41500
2010-05-04,7.48,7.6,7.35,7.6,6.080711,11600
2010-05-05,7.5,7.74,7.29,7.55,6.040708,20800
2010-05-06,7.57,7.78,7.56,7.7,6.160721,22700
2010-05-07,7.76,7.85,7.59,7.64,6.112716000000001,8700
2010-05-10,7.9,7.9,7.45,7.7,6.160721,28500
2010-05-11,7.55,7.84,7.49,7.84,6.272735,17200
2010-05-12,7.79,7.9,7.69,7.82,6.256732,8000
2010-05-13,7.85,7.89,7.71,7.76,6.208727,11500
2010-05-14,7.45,7.8,7.45,7.75,6.200726,13500
2010-05-17,7.63,7.82,7.42,7.82,6.256732,10000
2010-05-18,7.63,7.85,7.49,7.85,6.280735,11000
2010-05-19,7.25,7.67,7.23,7.4,5.920694,37300
2010-05-20,7.36,7.37,7.05,7.37,5.896691000000001,34600
2010-05-21,7.31,7.5,7.15,7.42,5.936694999999999,18400
2010-05-24,7.83,7.83,7.48,7.53,6.024705,5400
2010-05-25,7.47,7.47,7.16,7.41,5.928694999999999,26100
2010-05-26,7.49,7.5,7.33,7.33,5.864686,32000
2010-05-27,7.17,7.5,6.88,7.45,5.960698000000001,31100
2010-05-28,7.35,7.38,7.27,7.36,5.88869,9200
2010-06-01,7.4,7.55,7.3,7.46,5.968699,32900
2010-06-02,7.61,7.63,7.35,7.56,6.048708,16900
2010-06-03,7.71,7.75,7.5,7.5,6.000703,9400
2010-06-04,7.05,7.62,7.05,7.55,6.040708,14200
2010-06-07,7.73,7.73,7.34,7.39,5.912692,8500
2010-06-08,7.36,7.53,7.35,7.43,5.944694999999999,5300
2010-06-09,7.38,7.55,7.38,7.5,6.000703,5300
2010-06-10,7.41,7.7,7.32,7.67,6.136719,24400
2010-06-11,7.59,7.66,7.5,7.54,6.032706,4400
2010-06-14,7.45,7.56,7.45,7.53,6.024705,9300
2010-06-15,7.53,7.54,7.5,7.54,6.032706,5500
2010-06-16,7.5,7.56,7.3,7.53,6.024705,7300
2010-06-17,7.49,7.57,7.44,7.44,5.9526959999999995,2700
2010-06-18,7.44,7.49,7.33,7.33,5.864686,4000
2010-06-21,7.54,7.68,7.41,7.63,6.104715000000001,9600
2010-06-22,7.69,7.82,7.51,7.51,6.008703,15200
2010-06-23,7.59,7.6,7.5,7.52,6.016705,2700
2010-06-24,7.52,7.65,7.27,7.34,5.872686,6100
2010-06-25,7.38,7.5,7.25,7.32,5.856686,5600
2010-06-28,7.25,7.34,7.22,7.26,5.808680000000001,6400
2010-06-29,7.21,7.21,7.06,7.16,5.72867,5700
2010-06-30,7.06,7.32,7.06,7.3,5.840683,3700
2010-07-01,7.38,7.38,7.15,7.29,5.832682,5600
2010-07-02,7.3,7.38,7.19,7.34,5.872686,3600
2010-07-06,7.23,7.31,7.22,7.25,5.800678,4200
2010-07-07,7.25,7.41,7.24,7.41,5.928694999999999,2700
2010-07-08,7.41,7.51,7.35,7.48,5.984701,6800
2010-07-09,7.43,7.44,7.32,7.39,5.912692,9600
2010-07-12,7.4,7.44,7.25,7.26,5.808680000000001,6500
2010-07-13,7.27,7.39,7.27,7.32,5.856686,14100
2010-07-14,7.41,7.41,7.3,7.33,5.864686,5300
2010-07-15,7.33,7.35,7.2,7.3,5.840683,6100
2010-07-16,7.22,7.4,7.22,7.31,5.848685,7100
2010-07-19,7.29,7.29,6.96,7.16,5.72867,17700
2010-07-20,7.17,7.26,6.89,7.25,5.800678,10500
2010-07-21,7.2,7.2,7.03,7.15,5.72067,5000
2010-07-22,7.04,7.3,7.0,7.3,5.840683,5900
2010-07-23,7.19,7.2,6.83,7.14,5.712669,20600
2010-07-26,7.08,7.22,7.02,7.15,5.72067,4900
2010-07-27,7.02,7.21,7.0,7.21,5.768675,4000
2010-07-28,7.06,7.17,7.05,7.12,5.696667,17500
2010-07-29,6.99,7.12,6.99,7.12,5.696667,4700
2010-07-30,7.04,7.15,7.04,7.04,5.632658999999999,14800
2010-08-02,7.11,7.2,7.09,7.18,5.744671,9200
2010-08-03,7.09,7.24,7.05,7.15,5.72067,8200
2010-08-04,7.11,7.48,7.02,7.02,5.616658,56300
2010-08-05,7.17,7.5,7.17,7.49,5.9927019999999995,15100
2010-08-06,7.28,7.69,7.28,7.59,6.072711,26200
2010-08-09,7.6,7.92,7.4,7.85,6.280735,36100
2010-08-10,7.85,7.86,7.53,7.86,6.288736,13300
2010-08-11,7.65,7.69,7.6,7.69,6.152721,7100
2010-08-12,7.5,7.69,7.45,7.69,6.152721,10800
2010-08-13,7.7,7.78,7.47,7.72,6.176723,6100
2010-08-16,7.58,8.0,7.58,7.95,6.360744,17500
2010-08-17,7.9,7.99,7.85,7.96,6.368745,12900
2010-08-18,7.89,7.99,7.77,7.97,6.376747,17900
2010-08-19,7.87,7.96,7.86,7.86,6.288736,3200
2010-08-20,7.89,7.99,7.86,7.91,6.328742,6800
2010-08-23,7.82,7.82,7.57,7.79,6.232729,9900
2010-08-24,7.91,8.0,7.77,7.99,6.392748,9000
2010-08-25,7.86,8.0,7.86,8.0,6.40075,8200
2010-08-26,7.91,8.0,7.86,7.99,6.392748,10500
2010-08-27,7.95,8.0,7.92,7.99,6.392748,7400
2010-08-30,7.91,7.96,7.77,7.83,6.2647330000000006,4600
2010-08-31,7.73,7.75,7.71,7.71,6.168723,2700
2010-09-01,7.75,7.85,7.7,7.8,6.24073,10200
2010-09-02,7.73,8.16,7.73,7.9,6.320739,70200
2010-09-03,7.95,7.99,7.71,7.95,6.360744,43300
2010-09-07,7.94,8.05,7.94,7.99,6.392748,37200
2010-09-08,7.96,8.0,7.91,7.94,6.352743,19300
2010-09-09,7.96,7.96,7.89,7.96,6.368745,8400
2010-09-10,7.88,7.93,7.65,7.91,6.328742,31100
2010-09-13,7.94,8.0,7.64,7.94,6.352743,22800
2010-09-14,7.87,7.98,7.75,7.96,6.368745,11500
2010-09-15,7.88,7.94,7.85,7.87,6.296737,7500
2010-09-16,7.91,7.96,7.87,7.94,6.352743,6300
2010-09-17,7.93,7.95,7.76,7.76,6.208727,19000
2010-09-20,7.92,7.97,7.92,7.97,6.376747,2200
2010-09-21,7.93,7.99,7.71,7.71,6.168723,16100
2010-09-22,7.83,7.83,7.75,7.76,6.208727,2600
2010-09-23,7.75,7.76,7.61,7.75,6.200726,3400
2010-09-24,7.72,7.79,7.66,7.75,6.200726,6500
2010-09-27,7.72,7.8,7.66,7.8,6.24073,12900
2010-09-28,7.84,7.84,7.71,7.81,6.248730999999999,11600
2010-09-29,7.81,8.0,7.79,8.0,6.40075,11100
2010-09-30,7.91,8.05,7.91,8.0,6.40075,39500
2010-10-01,7.98,8.0,7.82,7.88,6.3047379999999995,15600
2010-10-04,7.89,7.89,7.8,7.88,6.3047379999999995,5400
2010-10-05,7.85,7.85,7.76,7.78,6.224729,4100
2010-10-06,7.75,7.88,7.72,7.73,6.184725,14900
2010-10-07,7.75,7.75,7.61,7.63,6.104715000000001,12700
2010-10-08,7.61,7.9,7.61,7.85,6.280735,9900
2010-10-11,7.89,7.89,7.53,7.81,6.248730999999999,25900
2010-10-12,7.75,7.8,7.64,7.79,6.232729,3100
2010-10-13,7.69,7.77,7.63,7.77,6.216727,6700
2010-10-14,7.59,7.7,7.5,7.69,6.152721,20100
2010-10-15,7.75,7.8,7.63,7.8,6.24073,5800
2010-10-18,7.77,7.79,7.6,7.79,6.232729,16600
2010-10-19,7.73,7.75,7.6,7.75,6.200726,2600
2010-10-20,7.6,7.81,7.56,7.73,6.184725,17300
2010-10-21,7.7,7.8,7.7,7.76,6.208727,12800
2010-10-22,7.73,7.81,7.62,7.81,6.248730999999999,5800
2010-10-25,7.81,7.98,7.68,7.98,6.384748,27700
2010-10-26,8.0,8.05,7.87,8.05,6.440754,18100
2010-10-27,8.04,8.04,7.9,7.98,6.384748,8800
2010-10-28,8.04,8.04,7.85,7.92,6.336742,3300
2010-10-29,7.88,7.95,7.85,7.87,6.296737,9100
2010-11-01,7.92,8.3,7.92,8.24,6.592772,30700
2010-11-02,8.3,8.54,8.23,8.41,6.728788000000001,27600
2010-11-03,8.35,8.63,8.34,8.63,6.904808,16200
2010-11-04,8.65,8.8,8.54,8.79,7.032823,18400
2010-11-05,8.68,9.3,8.68,9.14,7.312856,39400
2010-11-08,9.22,9.39,9.11,9.39,7.512878999999999,28200
2010-11-09,9.2,9.2,8.65,8.98,7.1848410000000005,39800
2010-11-10,8.91,9.74,8.53,9.74,7.792911,66300
2010-11-11,9.74,9.75,9.43,9.46,7.568886,19300
2010-11-12,9.44,9.55,9.04,9.06,7.248848,27500
2010-11-15,9.06,9.27,8.96,9.21,7.368861999999999,50000
2010-11-16,9.3,9.44,9.12,9.25,7.400866000000001,19100
2010-11-17,9.23,9.29,9.17,9.25,7.400866000000001,15000
2010-11-18,9.32,9.34,9.25,9.34,7.472875,16800
2010-11-19,9.29,9.32,9.15,9.19,7.352860000000001,25500
2010-11-22,9.15,9.15,9.03,9.14,7.312856,22000
2010-11-23,9.15,9.24,9.03,9.24,7.392865,6000
2010-11-24,9.13,9.25,8.99,9.1,7.280853,35900
2010-11-26,9.21,9.21,9.12,9.12,7.296855,1000
2010-11-29,9.34,9.36,9.03,9.03,7.224844999999999,7200
2010-11-30,9.11,9.11,8.75,9.06,7.248848,20100
2010-12-01,9.07,9.1,8.98,9.09,7.272850999999999,12800
2010-12-02,9.03,9.32,8.99,9.25,7.400866000000001,36200
2010-12-03,9.2,9.37,9.14,9.37,7.496878999999999,27700
2010-12-06,9.27,9.36,9.12,9.25,7.400866000000001,15300
2010-12-07,9.25,9.27,9.06,9.13,7.304855,47700
2010-12-08,9.14,9.21,9.12,9.15,7.320857000000001,43000
2010-12-09,9.19,9.52,9.15,9.52,7.616892,23800
2010-12-10,9.43,9.47,9.21,9.42,7.536882,11500
2010-12-13,9.17,9.4,9.17,9.4,7.520881,8600
2010-12-14,9.35,9.4,9.17,9.32,7.456873,13600
2010-12-15,9.28,9.4,9.28,9.38,7.504878999999999,19000
2010-12-16,9.28,9.6,9.24,9.54,7.632892,42400
2010-12-17,9.51,9.54,9.3,9.3,7.440872,17100
2010-12-20,9.42,9.47,9.24,9.43,7.544884,8300
2010-12-21,9.47,9.49,9.35,9.38,7.504878999999999,8100
2010-12-22,9.31,9.31,9.2,9.29,7.432869999999999,2900
2010-12-23,9.28,9.46,9.27,9.44,7.552885000000001,10400
2010-12-27,9.49,9.49,9.31,9.32,7.456873,10400
2010-12-28,9.31,9.31,9.26,9.3,7.440872,5500
2010-12-29,9.27,9.36,9.26,9.26,7.408866000000001,17000
2010-12-30,9.27,9.3,9.26,9.26,7.408866000000001,2400
2010-12-31,9.3,9.42,9.29,9.42,7.536882,5000
2011-01-03,9.44,9.46,9.3,9.41,7.528883,10500
2011-01-04,9.35,9.4,9.33,9.34,7.472875,5000
2011-01-05,9.34,9.5,9.34,9.4,7.520881,11500
2011-01-06,9.34,9.34,9.31,9.31,7.448872,1100
2011-01-07,9.37,9.53,9.3,9.53,7.624892999999999,21000
2011-01-10,9.46,9.46,9.28,9.35,7.480877,11200
2011-01-11,9.31,9.5,9.31,9.48,7.58489,5200
2011-01-12,9.49,9.85,9.39,9.75,7.800913,28800
2011-01-13,9.8,10.01,9.69,9.71,7.768909,30400
2011-01-14,10.05,10.05,9.47,9.68,7.744905999999999,9700
2011-01-18,9.63,9.78,9.39,9.61,7.6889,5900
2011-01-19,9.86,9.86,9.5,9.57,7.656895,8700
2011-01-20,9.4,9.59,9.39,9.5,7.60089,3800
2011-01-21,9.51,9.51,9.43,9.43,7.544884,9400
2011-01-24,9.47,9.47,9.36,9.41,7.528883,11500
2011-01-25,9.37,9.45,9.35,9.41,7.528883,7500
2011-01-26,9.44,9.54,9.44,9.47,7.576886999999999,2600
2011-01-27,9.44,9.45,9.38,9.38,7.504878999999999,5300
2011-01-28,9.4,9.42,9.4,9.42,7.536882,1800
2011-01-31,9.42,9.59,9.42,9.5,7.60089,7000
2011-02-01,9.55,9.59,9.43,9.5,7.60089,11000
2011-02-02,9.72,9.84,9.65,9.65,7.720903,3200
2011-02-03,9.62,9.81,9.55,9.78,7.824914,4400
2011-02-04,9.64,9.76,9.64,9.75,7.800913,1700
2011-02-07,9.76,9.85,9.65,9.68,7.744905999999999,8900
2011-02-08,9.56,9.75,9.5,9.66,7.728903999999999,7500
2011-02-09,9.74,9.81,9.51,9.68,7.744905999999999,9200
2011-02-10,9.6,9.6,9.42,9.6,7.680899,14200
2011-02-11,9.46,9.51,9.33,9.41,7.528883,10000
2011-02-14,9.35,9.45,9.34,9.4,7.520881,3800
2011-02-15,9.42,9.6,9.42,9.5,7.60089,12600
2011-02-16,9.5,9.55,9.41,9.53,7.624892999999999,16500
2011-02-17,9.59,9.84,9.56,9.84,7.872922999999999,14600
2011-02-18,9.92,10.1,9.85,10.07,8.056942999999999,21200
2011-02-22,10.02,10.02,9.6,9.72,7.776910000000001,3600
2011-02-23,9.61,9.69,9.6,9.68,7.744905999999999,3700
2011-02-24,9.61,9.82,9.55,9.82,7.856917999999999,5100
2011-02-25,9.94,9.95,9.83,9.95,7.9609309999999995,2100
2011-02-28,9.57,9.92,9.57,9.92,7.93693,2700
2011-03-01,9.88,10.17,9.39,9.77,7.816915,14000
2011-03-02,9.89,9.99,9.72,9.98,7.9849369999999995,12900
2011-03-03,9.96,9.96,9.74,9.89,7.912926,13000
2011-03-04,9.88,9.88,9.74,9.78,7.824914,3700
2011-03-07,9.81,9.9,9.75,9.89,7.912926,3400
2011-03-08,9.65,10.16,9.65,9.96,7.968934,18400
2011-03-09,10.15,10.3,10.01,10.3,8.240963,47700
2011-03-10,10.17,10.17,9.85,10.1,8.080947,12900
2011-03-11,10.0,10.3,10.0,10.24,8.192959,42300
2011-03-14,10.3,10.3,10.2,10.2,8.160957000000002,12600
2011-03-15,10.03,10.49,10.03,10.42,8.336977000000001,12400
2011-03-16,10.43,10.43,10.34,10.39,8.312975,8600
2011-03-17,10.37,10.5,10.33,10.33,8.264967,12500
2011-03-18,10.54,10.58,10.45,10.45,8.360978,4400
2011-03-21,10.56,11.16,10.56,11.0,8.801029,59300
2011-03-22,11.05,11.14,10.96,11.1,8.881039999999999,27200
2011-03-23,11.07,11.07,10.99,11.04,8.833032000000001,31900
2011-03-24,11.1,11.42,11.1,11.18,8.945046000000001,14200
2011-03-25,11.32,11.4,11.03,11.12,8.897039999999999,19900
2011-03-28,11.06,11.28,11.06,11.25,9.001054,14200
2011-03-29,11.29,11.5,11.29,11.48,9.185074,13600
2011-03-30,11.5,11.75,11.49,11.62,9.297088,33000
2011-03-31,11.77,11.99,11.77,11.89,9.513116,26600
2011-04-01,11.98,11.99,11.84,11.97,9.577124000000001,51100
2011-04-04,11.97,12.0,11.83,11.93,9.545117999999999,20300
2011-04-05,11.87,12.0,11.62,12.0,9.601125999999999,15200
2011-04-06,12.06,12.06,11.86,12.0,9.601125999999999,20800
2011-04-07,11.44,11.92,11.44,11.75,9.401102999999999,55900
2011-04-08,11.55,11.76,11.34,11.6,9.281089,22800
2011-04-11,11.58,11.88,11.54,11.88,9.505113,429900
2011-04-12,11.79,11.83,11.23,11.61,9.289085,81000
2011-04-13,11.59,11.68,11.53,11.68,9.345095,19300
2011-04-14,11.6,11.72,11.6,11.7,9.361097000000001,10400
2011-04-15,11.74,11.74,11.02,11.63,9.305091000000001,25900
2011-04-18,11.58,11.7,11.57,11.7,9.361097000000001,96300
2011-04-19,11.7,11.94,11.69,11.9,9.521113,13700
2011-04-20,12.0,12.0,11.7,11.72,9.377097000000001,20200
2011-04-21,11.75,11.75,11.49,11.53,9.22508,46400
2011-04-25,11.6,11.72,11.5,11.63,9.305091000000001,10600
2011-04-26,11.52,11.65,11.51,11.58,9.265085000000001,19600
2011-04-27,11.6,11.7,11.54,11.7,9.361097000000001,36000
2011-04-28,11.64,11.64,11.52,11.6,9.281089,11000
2011-04-29,11.61,11.65,11.57,11.58,9.265085000000001,23000
2011-05-02,11.62,11.62,11.43,11.5,9.201078,17000
2011-05-03,11.45,11.45,11.17,11.44,9.15307,58000
2011-05-04,11.43,11.72,11.33,11.39,9.113069,20800
2011-05-05,11.2,11.4,11.19,11.37,9.097064999999999,26300
2011-05-06,12.11,13.13,12.01,13.03,10.42522,336500
2011-05-09,12.95,13.13,12.84,12.98,10.385216,98000
2011-05-10,12.87,12.98,12.28,12.44,9.953165,87200
2011-05-11,12.46,12.51,12.25,12.29,9.833152,32100
2011-05-12,12.33,12.33,12.05,12.24,9.793144999999999,30300
2011-05-13,12.24,12.24,11.68,12.0,9.601125999999999,28000
2011-05-16,12.0,12.14,11.37,11.77,9.417105000000001,31500
2011-05-17,11.7,11.85,11.53,11.66,9.329092999999999,29900
2011-05-18,11.84,11.98,11.69,11.76,9.409101,24100
2011-05-19,11.74,11.86,11.73,11.81,9.449106,11500
2011-05-20,11.8,11.98,11.52,11.82,9.457105,17900
2011-05-23,11.75,11.75,11.23,11.56,9.249081,26500
2011-05-24,11.64,11.69,11.46,11.61,9.289085,8200
2011-05-25,11.58,11.72,11.5,11.68,9.345095,4800
2011-05-26,11.65,11.67,11.56,11.66,9.329092999999999,5600
2011-05-27,11.7,12.0,11.68,11.71,9.369097,5700
2011-05-31,11.73,11.74,11.43,11.5,9.201078,39500
2011-06-01,11.47,11.5,11.32,11.39,9.113069,17000
2011-06-02,11.35,11.52,11.3,11.37,9.097064999999999,19800
2011-06-03,11.23,11.32,11.11,11.17,8.937045,35000
2011-06-06,11.99,12.03,11.51,11.65,9.321091000000001,83400
2011-06-07,11.76,11.78,11.51,11.51,9.209078,22900
2011-06-08,11.5,11.5,11.35,11.38,9.105066,19500
2011-06-09,11.43,11.5,11.4,11.45,9.161071000000002,18400
2011-06-10,11.47,11.47,11.2,11.32,9.05706,24500
2011-06-13,11.39,11.39,11.17,11.18,8.945046000000001,25700
2011-06-14,11.18,11.44,11.18,11.2,8.961047,22500
2011-06-15,11.17,11.2,11.08,11.13,8.905044,21600
2011-06-16,11.09,11.26,11.04,11.06,8.849037,11500
2011-06-17,11.06,11.3,11.02,11.12,8.897039999999999,38600
2011-06-20,11.22,11.38,11.2,11.23,8.985051,22600
2011-06-21,11.36,11.59,11.24,11.24,8.993052,24800
2011-06-22,11.24,11.34,11.24,11.26,9.009055,16800
2011-06-23,11.24,11.44,11.13,11.27,9.017056,14800
2011-06-24,11.27,11.27,11.16,11.21,8.96905,9800
2011-06-27,11.31,11.38,11.21,11.32,9.05706,11700
2011-06-28,11.27,11.47,11.27,11.34,9.07306,39200
2011-06-29,11.48,11.75,11.39,11.67,9.337095,26700
2011-06-30,11.61,11.74,11.61,11.7,9.361097000000001,17000
2011-07-01,11.75,12.14,11.68,12.04,9.633125,24500
2011-07-05,12.12,12.12,11.85,11.99,9.593121,29800
2011-07-06,12.12,12.22,12.0,12.19,9.753143,24200
2011-07-07,12.35,12.6,12.35,12.44,9.953165,37700
2011-07-08,12.4,12.68,11.98,12.34,9.873156,44500
2011-07-11,12.36,12.36,11.86,12.1,9.681135000000001,52500
2011-07-12,12.17,12.57,12.12,12.3,9.841153,19700
2011-07-13,12.3,12.69,12.11,12.19,9.753143,26200
2011-07-14,12.24,12.24,11.96,12.13,9.705136999999999,15700
2011-07-15,12.2,12.2,12.0,12.2,9.761142,9300
2011-07-18,12.08,12.35,12.08,12.35,9.881158000000001,21500
2011-07-19,12.3,12.5,12.28,12.31,9.849153999999999,12700
2011-07-20,12.3,12.34,12.25,12.33,9.865155,7900
2011-07-21,12.35,12.35,11.95,12.17,9.737141000000001,49600
2011-07-22,12.12,12.28,11.16,11.64,9.313092,104800
2011-07-25,11.71,11.97,11.51,11.56,9.249081,63400
2011-07-26,11.65,12.01,11.65,11.8,9.441104,13200
2011-07-27,11.75,11.95,11.51,11.65,9.321091000000001,30300
2011-07-28,11.8,11.81,11.65,11.74,9.393099000000001,4500
2011-07-29,11.51,11.64,11.5,11.6,9.281089,16500
2011-08-01,11.75,11.93,11.5,11.67,9.337095,15000
2011-08-02,11.67,11.7,11.5,11.55,9.241081,15700
2011-08-03,11.6,11.6,11.36,11.39,9.113069,23900
2011-08-04,11.35,11.35,10.52,10.8,8.641012,33900
2011-08-05,11.0,11.01,10.2,10.4,8.320973,45900
2011-08-08,9.71,10.11,9.38,9.46,7.568886,65100
2011-08-09,9.89,9.89,9.28,9.63,7.704903999999999,32200
2011-08-10,9.3,9.37,8.62,8.93,7.144836,86000
2011-08-11,8.88,9.46,8.86,9.15,7.320857000000001,62800
2011-08-12,9.21,9.21,8.55,8.6,6.880806,73600
2011-08-15,8.61,9.09,8.61,8.9,7.120833,32400
2011-08-16,8.83,8.99,8.79,8.99,7.192839,13800
2011-08-17,9.0,9.38,8.95,9.11,7.288853,9900
2011-08-18,8.88,8.91,8.63,8.8,7.040825,29900
2011-08-19,8.64,8.85,8.64,8.85,7.080829,17000
2011-08-22,8.88,8.88,8.57,8.66,6.9288110000000005,30900
2011-08-23,8.71,8.84,8.6,8.84,7.0728279999999994,21400
2011-08-24,8.73,8.98,8.32,8.9,7.120833,24800
2011-08-25,8.87,8.96,8.8,8.85,7.080829,24000
2011-08-26,8.99,9.11,8.83,9.02,7.216846,10700
2011-08-29,8.97,9.4,8.94,9.32,7.456873,12000
2011-08-30,9.32,9.44,8.98,9.26,7.408866000000001,16900
2011-08-31,9.46,9.83,9.46,9.76,7.808915,26200
2011-09-01,9.82,9.89,9.6,9.72,7.776910000000001,18800
2011-09-02,9.54,9.7,9.52,9.58,7.664898,5200
2011-09-06,9.31,9.34,9.12,9.3,7.440872,57200
2011-09-07,9.38,9.41,9.31,9.32,7.456873,18700
2011-09-08,9.26,9.32,9.24,9.32,7.456873,8100
2011-09-09,9.24,9.27,9.03,9.14,7.312856,11700
2011-09-12,9.04,9.05,8.6,8.73,6.984816,47400
2011-09-13,8.83,8.83,8.72,8.81,7.048825,4000
2011-09-14,8.83,8.9,8.79,8.85,7.080829,13400
2011-09-15,8.95,9.01,8.85,8.93,7.144836,5300
2011-09-16,8.95,8.95,8.83,8.94,7.152837,7700
2011-09-19,8.82,8.83,8.05,8.13,6.504762,51900
2011-09-20,8.18,8.34,8.06,8.08,6.464757,32400
2011-09-21,8.27,8.49,8.27,8.32,6.656778999999999,19700
2011-09-22,8.33,8.59,8.1,8.34,6.672781,17300
2011-09-23,8.41,8.75,8.41,8.6,6.880806,14800
2011-09-26,8.62,8.62,8.36,8.4,6.720787,10400
2011-09-27,8.6,8.6,8.36,8.37,6.696783,12100
2011-09-28,8.43,8.43,8.31,8.31,6.648777000000001,9800
2011-09-29,8.41,8.41,8.18,8.28,6.624776,5600
2011-09-30,8.2,8.28,8.1,8.11,6.48876,8700
2011-10-03,8.26,8.26,7.2,7.21,5.768675,81800
2011-10-04,7.27,7.27,6.77,6.88,5.504645,37600
2011-10-05,6.97,7.28,6.97,7.2,5.760674,11700
2011-10-06,7.27,7.75,7.27,7.72,6.176723,40800
2011-10-07,8.03,8.08,7.84,7.87,6.296737,12200
2011-10-10,8.0,8.0,7.74,7.97,6.376747,17200
2011-10-11,7.99,7.99,7.74,7.74,6.192726,3700
2011-10-12,7.93,8.1,7.8,8.01,6.4087510000000005,9700
2011-10-13,7.93,8.03,7.47,7.88,6.3047379999999995,39600
2011-10-14,7.71,7.93,7.63,7.85,6.280735,7700
2011-10-17,7.76,7.87,7.45,7.75,6.200726,9600
2011-10-18,7.65,7.95,7.5,7.94,6.352743,10600
2011-10-19,7.78,7.88,7.56,7.75,6.200726,9200
2011-10-20,7.71,7.95,7.71,7.89,6.312739,5300
2011-10-21,7.95,7.95,7.71,7.79,6.232729,10800
2011-10-24,7.89,7.89,7.63,7.75,6.200726,11000
2011-10-25,7.83,7.83,7.7,7.75,6.200726,4700
2011-10-26,7.7,7.76,7.5,7.74,6.192726,17800
2011-10-27,7.66,7.8,7.5,7.75,6.200726,18600
2011-10-28,7.8,7.93,7.65,7.91,6.328742,14000
2011-10-31,7.88,7.88,7.71,7.82,6.256732,3400
2011-11-01,7.65,7.94,7.55,7.75,6.200726,7800
2011-11-02,7.63,7.75,7.63,7.75,6.200726,2500
2011-11-03,7.71,7.8,7.7,7.75,6.200726,3000
2011-11-04,7.73,7.82,7.71,7.72,6.176723,5800
2011-11-07,7.71,8.0,7.6,7.8,6.24073,13400
2011-11-08,7.83,7.83,7.59,7.7,6.160721,10100
2011-11-09,7.53,7.53,7.0,7.24,5.7926779999999995,37800
2011-11-10,7.05,7.11,6.52,6.7,5.360628,70000
2011-11-11,6.8,6.82,6.62,6.62,5.29662,11300
2011-11-14,6.75,6.75,6.64,6.65,5.320623,26900
2011-11-15,6.6,6.73,6.56,6.65,5.320623,38700
2011-11-16,6.65,6.67,6.5,6.58,5.264616999999999,37700
2011-11-17,6.55,6.55,6.31,6.43,5.144602,31100
2011-11-18,6.4,6.46,6.12,6.12,4.896573,22600
2011-11-21,6.01,6.1,5.95,6.03,4.824565,51500
2011-11-22,6.03,6.18,6.01,6.09,4.87257,8700
2011-11-23,6.0,6.01,5.8,5.89,4.712551,30900
2011-11-25,5.87,5.96,5.83,5.94,4.752555999999999,2900
2011-11-28,6.0,6.32,5.96,6.08,4.864569,79600
2011-11-29,6.0,6.22,6.0,6.1,4.880571,24800
2011-11-30,6.1,6.34,6.08,6.18,4.944578,22700
2011-12-01,6.22,6.5,6.16,6.2,4.9605809999999995,21600
2011-12-02,6.26,6.72,6.26,6.63,5.304622,28800
2011-12-05,6.55,6.92,6.41,6.9,5.520647,39000
2011-12-06,6.81,6.9,6.72,6.79,5.4326360000000005,21200
2011-12-07,6.57,6.75,6.57,6.67,5.336625,18300
2011-12-08,6.66,6.67,6.6,6.6,5.280618,21300
2011-12-09,6.73,6.8,6.56,6.7,5.360628,6400
2011-12-12,6.47,6.6,6.45,6.5,5.200609,9600
2011-12-13,6.58,6.65,6.41,6.5,5.200609,10100
2011-12-14,6.41,6.9,6.19,6.76,5.408633999999999,18300
2011-12-15,6.7,7.19,6.61,6.95,5.56065,34500
2011-12-16,7.2,7.41,7.03,7.41,5.928694999999999,25000
2011-12-19,7.4,7.85,7.12,7.76,6.208727,23100
2011-12-20,7.68,7.86,7.6,7.85,6.280735,34300
2011-12-21,7.7,7.84,7.41,7.59,6.072711,31700
2011-12-22,7.6,7.6,7.35,7.49,5.9927019999999995,10400
2011-12-23,7.47,7.67,7.37,7.5,6.000703,40200
2011-12-27,7.38,7.66,7.38,7.45,5.960698000000001,3200
2011-12-28,7.36,7.41,7.02,7.37,5.896691000000001,14900
2011-12-29,7.25,7.41,7.24,7.41,5.928694999999999,6000
2011-12-30,7.38,7.38,7.26,7.26,5.808680000000001,3900
2012-01-03,7.44,7.65,6.92,7.61,6.088712,8700
2012-01-04,7.46,7.59,7.45,7.59,6.072711,5900
2012-01-05,7.55,8.18,7.55,8.01,6.4087510000000005,42700
2012-01-06,8.01,8.18,8.01,8.18,6.544767,7400
2012-01-09,8.08,8.12,8.01,8.03,6.424752,2300
2012-01-10,8.07,8.07,7.98,8.06,6.448754,1500
2012-01-11,8.0,8.05,7.88,7.99,6.392748,7900
2012-01-12,8.03,8.3,7.9,8.3,6.640778,9900
2012-01-13,8.28,8.33,8.15,8.33,6.664778999999999,4100
2012-01-17,8.2,8.34,8.15,8.21,6.56877,1700
2012-01-18,8.32,8.37,8.21,8.34,6.672781,16100
2012-01-19,8.26,8.36,8.18,8.24,6.592772,7400
2012-01-20,8.17,8.3,8.15,8.23,6.584771000000001,2400
2012-01-23,8.2,8.31,8.2,8.21,6.56877,5500
2012-01-24,8.23,8.23,8.18,8.18,6.544767,2400
2012-01-25,8.3,8.3,7.75,8.22,6.5767679999999995,19300
2012-01-26,8.17,8.17,7.75,7.96,6.368745,21600
2012-01-27,7.87,8.01,7.69,7.96,6.368745,6000
2012-01-30,7.91,7.91,7.49,7.75,6.200726,7600
2012-01-31,7.75,8.1,7.54,8.1,6.480759,5300
2012-02-01,7.96,7.96,7.51,7.69,6.152721,38600
2012-02-02,7.69,7.69,7.29,7.29,5.832682,27200
2012-02-03,7.38,7.95,7.26,7.41,5.928694999999999,26700
2012-02-06,7.44,7.58,7.28,7.53,6.024705,6200
2012-02-07,7.44,7.48,7.25,7.25,5.800678,5200
2012-02-08,7.33,7.34,6.89,6.99,5.5926540000000005,8800
2012-02-09,7.1,7.23,6.93,6.96,5.568653,10200
2012-02-10,6.94,7.27,6.83,7.27,5.816679,67600
2012-02-13,7.27,7.4,7.27,7.38,5.904691000000001,15100
2012-02-14,7.34,7.39,7.05,7.28,5.824682,8800
2012-02-15,7.34,7.34,7.05,7.15,5.72067,19500
2012-02-16,7.15,7.34,7.07,7.25,5.800678,10900
2012-02-17,7.2,7.23,7.08,7.1,5.680665,6800
2012-02-21,7.16,7.16,6.9,6.9,5.520647,22400
2012-02-22,6.9,6.92,6.77,6.77,5.416634999999999,6200
2012-02-23,6.84,7.06,6.77,6.8,5.4406360000000005,30800
2012-02-24,6.85,6.88,6.75,6.77,5.416634999999999,8900
2012-02-27,6.75,6.9,6.7,6.7,5.360628,3500
2012-02-28,6.78,6.81,6.7,6.81,5.448637000000001,3400
2012-02-29,7.1,7.1,6.46,6.74,5.392631,15500
2012-03-01,6.68,7.09,6.68,6.81,5.448637000000001,10100
2012-03-02,6.89,6.9,6.78,6.79,5.4326360000000005,9500
2012-03-05,6.76,6.76,6.7,6.7,5.360628,8700
2012-03-06,6.78,6.85,6.6,6.6,5.280618,4200
2012-03-07,6.6,6.69,6.53,6.6,5.280618,1800
2012-03-08,6.63,6.83,6.61,6.83,5.464641,16200
2012-03-09,6.85,6.85,6.67,6.78,5.424633999999999,47600
2012-03-12,6.85,6.95,6.73,6.8,5.4406360000000005,14500
2012-03-13,7.45,7.45,6.85,6.93,5.544649,17300
2012-03-14,6.8,7.15,6.8,7.1,5.680665,20600
2012-03-15,7.06,7.23,7.05,7.15,5.72067,7400
2012-03-16,7.22,7.23,6.84,6.84,5.472641,12300
2012-03-19,7.1,7.23,6.95,6.95,5.56065,16600
2012-03-20,6.95,6.97,6.8,6.8,5.4406360000000005,8200
2012-03-21,6.83,7.18,6.8,6.89,5.512646,14300
2012-03-22,6.96,7.65,6.9,7.22,5.776676999999999,20700
2012-03-23,7.24,7.37,7.17,7.25,5.800678,3300
2012-03-26,7.25,7.36,7.19,7.28,5.824682,5000
2012-03-27,7.26,7.63,7.18,7.51,6.008703,12800
2012-03-28,7.59,8.04,7.59,7.71,6.168723,60400
2012-03-29,7.81,8.05,7.8,7.97,6.376747,19400
2012-03-30,7.94,8.24,7.85,7.85,6.280735,27300
2012-04-02,8.05,8.34,8.0,8.34,6.672781,51400
2012-04-03,8.33,8.41,8.27,8.41,6.728788000000001,11300
2012-04-04,8.27,8.35,8.21,8.25,6.600772999999999,141400
2012-04-05,8.16,8.31,7.85,8.22,6.5767679999999995,25800
2012-04-09,8.32,8.33,7.67,8.1,6.480759,19900
2012-04-10,8.1,9.1,7.9,8.55,6.840801,46100
2012-04-11,8.52,8.62,8.45,8.55,6.840801,140900
2012-04-12,8.54,8.99,8.45,8.9,7.120833,15600
2012-04-13,8.86,8.99,8.56,8.6,6.880806,14800
2012-04-16,8.56,8.98,8.51,8.52,6.8167990000000005,12100
2012-04-17,8.31,8.97,8.31,8.78,7.024823,21700
2012-04-18,8.85,8.98,8.57,8.95,7.160838,13000
2012-04-19,8.61,8.82,8.43,8.5,6.800795,265500
2012-04-20,8.44,8.44,8.1,8.1,6.480759,41200
2012-04-23,8.08,8.19,7.9,8.18,6.544767,24300
2012-04-24,8.18,8.69,8.18,8.48,6.7847919999999995,10400
2012-04-25,8.59,8.69,7.99,8.39,6.712786,263100
2012-04-26,8.3,8.75,8.13,8.7,6.960814,20500
2012-04-27,8.63,8.67,8.49,8.58,6.864803,19200
2012-04-30,8.79,8.79,8.55,8.56,6.848802,13000
2012-05-01,8.49,8.79,8.3,8.56,6.848802,14000
2012-05-02,8.87,9.15,8.54,8.75,7.000819,31100
2012-05-03,8.65,8.94,8.65,8.74,6.992817999999999,13000
2012-05-04,8.76,8.76,8.36,8.66,6.9288110000000005,7300
2012-05-07,8.62,8.73,8.49,8.54,6.8327990000000005,11000
2012-05-08,8.46,8.54,8.43,8.44,6.752791,5000
2012-05-09,8.43,8.5,8.36,8.36,6.688782000000001,7400
2012-05-10,9.0,9.0,8.46,8.65,6.920808999999999,16000
2012-05-11,8.88,9.09,8.73,8.87,7.096831,15200
2012-05-14,8.86,8.87,8.41,8.6,6.880806,29600
2012-05-15,8.66,8.66,8.05,8.31,6.648777000000001,49000
2012-05-16,8.39,8.39,8.02,8.22,6.5767679999999995,25700
2012-05-17,8.26,8.28,8.03,8.05,6.440754,11900
2012-05-18,7.99,8.22,7.95,7.99,6.392748,7600
2012-05-21,7.96,8.1,7.9,8.0,6.40075,15300
2012-05-22,7.95,8.13,7.67,7.89,6.312739,30000
2012-05-23,7.7,8.1,7.4,8.1,6.480759,14000
2012-05-24,8.0,8.05,7.66,7.67,6.136719,28300
2012-05-25,7.65,7.88,7.53,7.7,6.160721,5500
2012-05-29,7.73,7.95,7.73,7.9,6.320739,7600
2012-05-30,7.8,7.87,7.59,7.82,6.256732,9200
2012-05-31,7.77,7.9,7.48,7.48,5.984701,23000
2012-06-01,7.69,7.82,7.39,7.72,6.176723,18900
2012-06-04,7.58,7.72,7.52,7.55,6.040708,22300
2012-06-05,7.59,7.84,7.51,7.8,6.24073,76600
2012-06-06,7.85,7.91,7.8,7.89,6.312739,7400
2012-06-07,7.95,7.95,7.78,7.79,6.232729,7000
2012-06-08,7.71,7.92,7.63,7.81,6.248730999999999,13800
2012-06-11,7.66,7.76,7.51,7.71,6.168723,18700
2012-06-12,7.64,7.77,7.49,7.49,5.9927019999999995,33700
2012-06-13,7.48,7.62,7.29,7.55,6.040708,16700
2012-06-14,7.67,7.96,7.41,7.93,6.344743,18400
2012-06-15,7.93,7.97,7.53,7.94,6.352743,13800
2012-06-18,7.81,7.97,7.81,7.97,6.376747,600
2012-06-19,7.91,7.98,7.74,7.77,6.216727,10000
2012-06-20,7.55,7.98,7.55,7.97,6.376747,13500
2012-06-21,7.67,7.81,7.66,7.7,6.160721,3000
2012-06-22,7.86,7.95,7.86,7.93,6.344743,1900
2012-06-25,7.95,8.0,7.72,7.91,6.328742,12100
2012-06-26,7.84,7.98,7.72,7.87,6.296737,30300
2012-06-27,7.79,7.8,7.72,7.74,6.192726,10100
2012-06-28,7.75,7.84,7.45,7.8,6.24073,30400
2012-06-29,7.84,7.89,7.57,7.71,6.168723,6400
2012-07-02,7.63,7.76,7.42,7.71,6.168723,10600
2012-07-03,7.75,7.79,7.59,7.73,6.184725,8600
2012-07-05,7.66,7.84,7.66,7.79,6.232729,1400
2012-07-06,7.64,7.82,7.64,7.77,6.216727,4500
2012-07-09,7.64,7.94,7.55,7.85,6.280735,10000
2012-07-10,7.6,7.85,7.6,7.61,6.088712,6700
2012-07-11,7.67,7.88,7.09,7.83,6.2647330000000006,3400
2012-07-12,7.69,7.81,7.69,7.79,6.232729,700
2012-07-13,7.71,7.71,7.64,7.65,6.120716000000001,1600
2012-07-16,7.6,7.69,7.54,7.68,6.1447199999999995,5300
2012-07-17,7.56,7.71,7.54,7.65,6.120716000000001,3100
2012-07-18,7.68,7.75,7.52,7.56,6.048708,1100
2012-07-19,7.56,7.56,7.56,7.56,6.048708,0
2012-07-20,7.58,7.68,7.48,7.67,6.136719,4800
2012-07-23,7.61,7.97,7.61,7.89,6.312739,9700
2012-07-24,7.68,7.97,7.66,7.88,6.3047379999999995,5600
2012-07-25,7.89,7.97,7.72,7.78,6.224729,8400
2012-07-26,7.65,7.81,7.65,7.81,6.248730999999999,1600
2012-07-27,7.72,7.75,7.57,7.61,6.088712,6400
2012-07-30,7.47,7.79,7.47,7.59,6.072711,4000
2012-07-31,7.49,7.79,7.47,7.73,6.184725,2400
2012-08-01,7.53,7.73,7.53,7.73,6.184725,3900
2012-08-02,7.65,7.65,7.48,7.52,6.016705,6800
2012-08-03,7.52,7.52,7.08,7.21,5.768675,19900
2012-08-06,7.2,7.21,6.88,6.95,5.56065,18400
2012-08-07,6.88,7.19,6.64,7.06,5.648661,16400
2012-08-08,7.22,7.25,7.01,7.07,5.656662,11400
2012-08-09,7.05,7.22,6.85,7.08,5.664662,10700
2012-08-10,7.05,7.05,7.05,7.05,5.64066,2500
2012-08-13,7.05,7.49,7.0,7.44,5.9526959999999995,9100
2012-08-14,7.32,7.4,7.23,7.25,5.800678,13800
2012-08-15,7.44,7.56,7.06,7.52,6.016705,15200
2012-08-16,7.68,7.68,7.41,7.55,6.040708,3200
2012-08-17,7.59,7.81,7.55,7.62,6.0967139999999995,5000
2012-08-20,7.6,7.74,7.5,7.74,6.192726,9800
2012-08-21,7.56,7.74,7.54,7.56,6.048708,9800
2012-08-22,7.44,7.5,7.44,7.45,5.960698000000001,1700
2012-08-23,7.36,7.58,7.36,7.5,6.000703,5400
2012-08-24,7.32,7.39,7.29,7.29,5.832682,7300
2012-08-27,7.26,7.31,7.08,7.15,5.72067,5800
2012-08-28,7.2,7.25,7.16,7.25,5.800678,1000
2012-08-29,7.25,7.37,7.14,7.18,5.744671,4700
2012-08-30,7.18,7.39,7.13,7.34,5.872686,4600
2012-08-31,7.28,7.28,7.12,7.17,5.736671,12300
2012-09-04,7.06,7.3,7.05,7.29,5.832682,7700
2012-09-05,7.21,7.3,7.07,7.3,5.840683,2300
2012-09-06,7.29,7.29,7.07,7.12,5.696667,12100
2012-09-07,7.07,7.18,7.06,7.06,5.648661,1600
2012-09-10,7.2,7.4,7.13,7.27,5.816679,31400
2012-09-11,7.26,7.3,7.25,7.26,5.808680000000001,8600
2012-09-12,7.3,7.3,7.25,7.25,5.800678,5400
2012-09-13,7.29,7.35,7.25,7.25,5.800678,9500
2012-09-14,7.3,7.35,7.16,7.21,5.768675,33200
2012-09-17,7.22,7.29,7.17,7.26,5.808680000000001,6300
2012-09-18,7.18,7.27,7.18,7.26,5.808680000000001,900
2012-09-19,7.27,7.27,7.27,7.27,5.816679,400
2012-09-20,7.17,7.28,7.17,7.17,5.736671,15400
2012-09-21,7.25,7.28,7.17,7.28,5.824682,7100
2012-09-24,7.17,7.35,7.17,7.23,5.784676999999999,3900
2012-09-25,7.17,7.18,7.17,7.18,5.744671,400
2012-09-26,7.18,7.24,7.0,7.1,5.680665,5000
2012-09-27,7.02,7.56,7.02,7.17,5.736671,20600
2012-09-28,7.25,7.45,7.25,7.45,5.960698000000001,700
2012-10-01,7.37,7.46,7.2,7.46,5.968699,5000
2012-10-02,7.46,7.46,7.46,7.46,5.968699,0
2012-10-03,7.5,7.63,7.17,7.46,5.968699,62900
2012-10-04,7.5,7.5,7.5,7.5,6.000703,300
2012-10-05,7.24,7.6,7.21,7.49,5.9927019999999995,5000
2012-10-08,7.49,7.49,7.49,7.49,5.9927019999999995,0
2012-10-09,7.38,7.4,7.38,7.4,5.920694,1500
2012-10-10,7.38,7.63,7.38,7.59,6.072711,10300
2012-10-11,7.6,7.6,7.35,7.59,6.072711,1200
2012-10-12,7.49,7.52,7.32,7.36,5.88869,4200
2012-10-15,7.44,7.45,7.23,7.45,5.960698000000001,1700
2012-10-16,7.22,7.63,7.22,7.63,6.104715000000001,29700
2012-10-17,7.63,7.67,7.55,7.63,6.104715000000001,12000
2012-10-18,7.59,7.73,7.59,7.67,6.136719,3600
2012-10-19,7.56,7.74,7.56,7.67,6.136719,5800
2012-10-22,7.41,7.72,7.41,7.66,6.128719,3900
2012-10-23,7.74,7.74,7.5,7.6,6.080711,2100
2012-10-24,7.61,7.73,7.5,7.67,6.136719,2600
2012-10-25,7.74,7.74,7.46,7.7,6.160721,6000
2012-10-26,7.46,7.67,7.46,7.53,6.024705,8700
2012-10-31,7.52,7.74,7.01,7.74,6.192726,3500
2012-11-01,7.61,7.65,7.35,7.53,6.024705,4600
2012-11-02,7.53,7.67,7.53,7.6,6.080711,3800
2012-11-05,7.74,7.74,7.59,7.6,6.080711,3000
2012-11-06,7.6,7.6,7.49,7.6,6.080711,5000
2012-11-07,7.62,7.62,7.5,7.55,6.040708,3600
2012-11-08,7.55,7.59,7.45,7.59,6.072711,1900
2012-11-09,7.61,7.61,7.31,7.45,5.960698000000001,16000
2012-11-12,7.75,7.75,7.48,7.65,6.120716000000001,40800
2012-11-13,7.7,7.75,7.6,7.75,6.200726,40700
2012-11-14,7.71,7.75,7.71,7.75,6.200726,8200
2012-11-15,7.75,7.9,7.75,7.8,6.24073,51100
2012-11-16,7.73,7.8,7.7,7.79,6.232729,37800
2012-11-19,7.72,7.91,7.72,7.8,6.289171,17500
2012-11-20,7.76,7.8,7.66,7.8,6.289171,4800
2012-11-21,7.7,7.79,7.61,7.69,6.200476999999999,3900
2012-11-23,7.79,7.8,7.65,7.65,6.168226,2400
2012-11-26,7.66,7.72,7.47,7.68,6.192414,6900
2012-11-27,7.71,7.78,7.6,7.6,6.12791,4500
2012-11-28,7.64,7.77,7.64,7.64,6.160162000000001,1800
2012-11-29,7.67,7.82,7.56,7.65,6.168226,11800
2012-11-30,7.64,7.74,7.63,7.69,6.200476999999999,13100
2012-12-03,7.64,7.64,7.4,7.62,6.144035,17900
2012-12-04,7.64,7.78,7.59,7.78,6.273045,9400
2012-12-05,7.72,7.72,7.64,7.64,6.160162000000001,13500
2012-12-06,7.49,7.6,7.16,7.39,5.9585870000000005,57700
2012-12-07,7.46,7.58,7.35,7.43,5.990838,32100
2012-12-10,7.48,7.58,7.37,7.44,5.998901,33300
2012-12-11,7.52,7.57,7.25,7.38,5.950522,20100
2012-12-12,7.4,7.4,7.3,7.31,5.894082,31900
2012-12-13,7.35,7.48,7.03,7.28,5.869893,30000
2012-12-14,7.27,7.31,7.09,7.13,5.748947,9500
2012-12-17,7.21,7.31,7.21,7.25,5.845703,9100
2012-12-18,7.38,7.39,7.2,7.27,5.861829,10800
2012-12-19,7.26,7.27,7.1,7.21,5.813451000000001,22800
2012-12-20,7.2,7.43,7.19,7.41,5.9747129999999995,12300
2012-12-21,7.42,7.42,7.24,7.33,5.910208,14600
2012-12-24,7.25,7.25,7.19,7.19,5.797324,8000
2012-12-26,7.19,7.28,7.16,7.28,5.869893,9000
2012-12-27,7.32,7.32,7.18,7.28,5.869893,6200
2012-12-28,7.31,7.34,7.18,7.18,5.789262,7200
2012-12-31,7.3,7.34,7.1,7.22,5.821514,67000
2013-01-02,7.22,7.34,7.15,7.33,5.910208,15600
2013-01-03,7.38,7.42,7.15,7.31,5.894082,34800
2013-01-04,7.26,7.32,7.2,7.28,5.869893,10000
2013-01-07,7.28,7.52,7.25,7.5,6.047280000000001,38000
2013-01-08,7.52,7.6,7.48,7.53,6.0714690000000004,32500
2013-01-09,7.6,7.74,7.6,7.7,6.208539,15100
2013-01-10,7.76,7.76,7.5,7.67,6.184352,16900
2013-01-11,7.66,7.66,7.66,7.66,6.176289,300
2013-01-14,7.7,7.84,7.64,7.76,6.256918,5300
2013-01-15,7.73,7.76,7.73,7.76,6.256918,6800
2013-01-16,7.75,8.06,7.75,8.06,6.498809,16400
2013-01-17,8.03,8.16,7.98,8.09,6.5229989999999995,19100
2013-01-18,8.0,8.09,7.75,7.76,6.256918,14700
2013-01-22,7.75,7.8,7.58,7.61,6.135973,4800
2013-01-23,7.85,7.9,7.74,7.88,6.353675,12300
2013-01-24,7.9,7.91,7.62,7.89,6.361738,8100
2013-01-25,7.69,8.04,7.68,7.8,6.289171,18400
2013-01-28,7.82,7.88,7.81,7.88,6.353675,6100
2013-01-29,7.88,7.96,7.84,7.96,6.41818,7500
2013-01-30,7.98,8.2,7.96,8.1,6.531063,13700
2013-01-31,7.84,8.05,7.84,8.04,6.482684,6600
2013-02-01,8.09,8.18,8.01,8.1,6.531063,2800
2013-02-04,8.1,8.1,8.1,8.1,6.531063,0
2013-02-05,7.89,8.17,7.89,8.17,6.587503999999999,1500
2013-02-06,7.99,8.18,7.99,8.07,6.506873000000001,6900
2013-02-07,8.08,8.14,8.07,8.11,6.539125,4700
2013-02-08,8.08,8.15,8.0,8.11,6.539125,7100
2013-02-11,7.99,7.99,7.8,7.81,6.2972339999999996,6400
2013-02-12,8.06,8.12,8.0,8.04,6.482684,5000
2013-02-13,8.0,8.16,8.0,8.12,6.547187999999999,3900
2013-02-14,8.04,8.08,7.86,7.94,6.4020529999999995,12800
2013-02-15,7.87,8.01,7.87,7.93,6.442675,3600
2013-02-19,7.93,7.93,7.66,7.77,6.312684,9600
2013-02-20,7.7,7.92,7.7,7.71,6.263938,2300
2013-02-21,7.55,7.79,7.53,7.64,6.2070669999999994,4500
2013-02-22,7.58,7.86,7.58,7.86,6.385805,3800
2013-02-25,7.74,7.98,7.73,7.8,6.337059,3700
2013-02-26,7.8,7.8,7.77,7.8,6.337059,2700
2013-02-27,8.05,8.05,7.84,7.93,6.442675,5000
2013-02-28,7.75,7.9,7.74,7.9,6.418303,4000
2013-03-01,7.69,8.08,7.69,7.89,6.410177,4500
2013-03-04,7.77,7.93,7.77,7.93,6.442675,2400
2013-03-05,7.86,7.99,7.84,7.96,6.467048999999999,8900
2013-03-06,7.94,8.0,7.94,7.96,6.467048999999999,9000
2013-03-07,8.18,8.18,7.5,7.74,6.288311,6800
2013-03-08,7.79,7.93,7.5,7.93,6.442675,13300
2013-03-11,7.71,7.8,7.71,7.75,6.296435,13000
2013-03-12,7.78,7.8,7.41,7.8,6.337059,18100
2013-03-13,7.8,7.84,7.6,7.78,6.320809,10000
2013-03-14,7.87,7.87,7.6,7.79,6.328933,8600
2013-03-15,7.8,7.89,7.75,7.89,6.410177,6500
2013-03-18,7.89,7.89,7.7,7.78,6.320809,17400
2013-03-19,7.8,7.9,7.8,7.89,6.410177,28900
2013-03-20,7.86,7.86,7.78,7.8,6.337059,24900
2013-03-21,7.83,7.94,7.76,7.85,6.377680000000001,23000
2013-03-22,7.85,7.9,7.79,7.89,6.410177,8200
2013-03-25,7.75,7.89,7.57,7.88,6.4020529999999995,25900
2013-03-26,7.8,8.0,7.8,7.81,6.345182,10900
2013-03-27,7.81,7.9,7.77,7.9,6.418303,5700
2013-03-28,7.94,7.95,7.93,7.94,6.450799,10900
2013-04-01,7.95,7.97,7.77,7.88,6.4020529999999995,19700
2013-04-02,7.97,7.97,7.6,7.71,6.263938,30400
2013-04-03,7.68,7.85,7.68,7.79,6.328933,6500
2013-04-04,7.81,7.81,7.65,7.73,6.280188,2900
2013-04-05,7.76,7.85,7.74,7.83,6.36143,10400
2013-04-08,7.85,7.86,7.84,7.84,6.369555999999999,7300
2013-04-09,7.87,7.87,7.67,7.74,6.288311,5100
2013-04-10,7.77,7.97,7.66,7.67,6.231441,8000
2013-04-11,7.7,7.8,7.64,7.8,6.337059,7500
2013-04-12,7.71,7.72,7.55,7.55,6.133948,6700
2013-04-15,7.51,7.79,7.22,7.76,6.304561,17200
2013-04-16,7.76,7.8,7.48,7.73,6.280188,6500
2013-04-17,7.73,7.73,7.47,7.47,6.068951,600
2013-04-18,7.51,7.51,7.4,7.4,6.012080999999999,2600
2013-04-19,7.52,7.56,7.3,7.48,6.077077,19700
2013-04-22,7.53,7.66,7.33,7.59,6.1664449999999995,4200
2013-04-23,7.59,7.69,7.4,7.57,6.150197,5600
2013-04-24,7.5,7.78,7.42,7.62,6.190817,7600
2013-04-25,7.44,7.44,7.44,7.44,6.044578,300
2013-04-26,7.5,7.58,7.42,7.44,6.044578,4300
2013-04-29,7.45,7.62,7.45,7.6,6.174569,2900
2013-04-30,7.53,7.53,7.5,7.51,6.10145,5100
2013-05-01,7.42,7.52,7.42,7.49,6.0852,5000
2013-05-02,7.41,7.5,7.41,7.5,6.093325,8900
2013-05-03,7.5,7.58,7.42,7.58,6.15832,6100
2013-05-06,7.73,7.74,7.43,7.55,6.133948,35400
2013-05-07,7.59,7.71,7.55,7.7,6.255813,2700
2013-05-08,7.61,7.82,7.6,7.74,6.288311,11700
2013-05-09,7.7,7.79,7.59,7.6,6.174569,2500
2013-05-10,7.68,7.85,7.66,7.85,6.377680000000001,23900
2013-05-13,7.76,7.8,7.7,7.73,6.280188,8600
2013-05-14,7.8,7.99,7.72,7.72,6.272063,36700
2013-05-15,7.71,8.0,7.71,7.95,6.458924,8600
2013-05-16,7.8,8.19,7.8,8.19,6.713019,26200
2013-05-17,8.14,8.25,7.97,8.02,6.573678,2000
2013-05-20,8.1,8.16,7.95,7.95,6.5163,39300
2013-05-21,8.0,8.32,8.0,8.23,6.745805000000001,6600
2013-05-22,8.22,8.26,8.06,8.17,6.696627,23100
2013-05-23,8.03,8.29,8.0,8.19,6.713019,3500
2013-05-24,8.15,8.16,8.09,8.16,6.688428999999999,14100
2013-05-28,8.18,8.5,8.15,8.17,6.696627,8100
2013-05-29,8.11,8.14,7.71,7.94,6.508104,17100
2013-05-30,7.99,8.05,7.8,7.95,6.5163,17200
2013-05-31,7.9,8.04,7.85,8.04,6.590071000000001,6700
2013-06-03,8.1,8.13,8.0,8.09,6.631054,7500
2013-06-04,7.87,8.17,7.79,7.95,6.5163,10100
2013-06-05,7.94,8.0,7.81,7.99,6.549087,5900
2013-06-06,8.05,8.09,7.94,7.94,6.508104,1500
2013-06-07,7.98,8.14,7.98,8.02,6.573678,1600
2013-06-10,8.06,8.06,7.79,7.97,6.532693,5200
2013-06-11,7.92,7.92,7.8,7.91,6.483515000000001,3500
2013-06-12,7.99,8.0,7.77,7.9,6.475318,4600
2013-06-13,7.94,8.01,7.84,7.94,6.508104,4000
2013-06-14,8.0,8.0,7.92,7.94,6.508104,1100
2013-06-17,7.99,8.0,7.83,7.92,6.491712000000001,8900
2013-06-18,8.0,8.0,7.86,7.86,6.442531,1400
2013-06-19,7.89,7.9,7.85,7.9,6.475318,1800
2013-06-20,7.88,7.9,7.75,7.81,6.401548,7500
2013-06-21,7.95,7.97,7.75,7.96,6.524498,6200
2013-06-24,7.9,7.99,7.77,7.77,6.368761,11300
2013-06-25,7.83,7.89,7.74,7.74,6.344172,2300
2013-06-26,7.8,7.96,7.78,7.8,6.393351999999999,6200
2013-06-27,7.85,8.23,7.85,8.05,6.598267,16400
2013-06-28,8.05,8.24,8.05,8.17,6.696627,18600
2013-07-01,8.14,8.25,8.1,8.14,6.6720369999999996,18700
2013-07-02,8.24,8.25,8.24,8.25,6.762198,1200
2013-07-03,8.15,8.25,7.97,8.2,6.721216,8600
2013-07-05,8.25,8.25,8.01,8.17,6.696627,1300
2013-07-08,8.18,8.71,8.18,8.64,7.081867,5900
2013-07-09,8.64,8.96,8.63,8.79,7.204816,23800
2013-07-10,8.85,8.9,8.28,8.72,7.147439,6300
2013-07-11,8.78,8.9,8.6,8.74,7.163832000000001,4900
2013-07-12,8.79,8.89,8.51,8.75,7.172028,8900
2013-07-15,8.75,9.06,8.73,8.93,7.319567999999999,17600
2013-07-16,8.88,8.88,8.77,8.77,7.188422,800
2013-07-17,8.83,8.95,8.73,8.83,7.2376,4900
2013-07-18,9.0,9.5,9.0,9.16,7.508091,21000
2013-07-19,9.18,9.18,8.9,8.98,7.360550999999999,3100
2013-07-22,8.89,9.25,8.89,8.95,7.335961999999999,2100
2013-07-23,9.01,9.11,8.92,8.92,7.311372,5500
2013-07-24,8.96,9.15,8.8,8.94,7.327764999999999,12300
2013-07-25,8.94,9.05,8.94,8.98,7.360550999999999,9000
2013-07-26,9.0,9.0,8.99,9.0,7.376944,19500
2013-07-29,8.92,9.2,8.81,9.07,7.434319,7000
2013-07-30,8.95,9.18,8.95,9.12,7.4753050000000005,1900
2013-07-31,8.94,9.18,8.94,9.09,7.450714,2600
2013-08-01,9.15,9.7,7.75,9.12,7.4753050000000005,21300
2013-08-02,8.99,8.99,8.99,8.99,7.368745,300
2013-08-05,8.94,9.21,8.5,9.21,7.5490710000000005,17000
2013-08-06,9.2,9.65,9.11,9.52,7.8031690000000005,11400
2013-08-07,9.4,9.4,8.92,9.13,7.4835,244300
2013-08-08,9.1,9.2,8.91,9.03,7.401534,111800
2013-08-09,9.1,9.1,8.75,8.92,7.311372,20700
2013-08-12,9.02,9.13,8.75,8.82,7.229404,28900
2013-08-13,8.99,8.99,8.69,8.78,7.196619,28500
2013-08-14,8.71,8.81,8.66,8.71,7.139241999999999,11100
2013-08-15,8.67,8.88,8.38,8.63,7.07367,24600
2013-08-16,8.76,8.96,8.56,8.69,7.181097,4000
2013-08-19,8.57,8.95,8.54,8.68,7.1728320000000005,8600
2013-08-20,8.7,8.9,8.69,8.74,7.222414,4500
2013-08-21,8.72,8.9,8.57,8.75,7.230678999999999,8700
2013-08-22,8.83,8.94,8.55,8.55,7.065405999999999,5700
2013-08-23,8.62,9.1,8.62,9.09,7.511642999999999,527400
2013-08-26,9.1,9.5,8.86,9.07,7.495114999999999,45500
2013-08-27,9.02,9.05,8.77,8.88,7.338106,18700
2013-08-28,8.73,9.0,8.7,8.91,7.362895,17500
2013-08-29,8.84,9.0,8.8,8.9,7.354633,7500
2013-08-30,8.92,9.0,8.8,8.88,7.338106,2900
2013-09-03,9.0,9.07,8.84,8.97,7.412477,10600
2013-09-04,8.95,9.04,8.91,8.91,7.362895,13400
2013-09-05,9.0,9.1,9.0,9.09,7.511642999999999,9300
2013-09-06,9.0,9.1,8.89,9.1,7.5199050000000005,32400
2013-09-09,9.0,9.1,8.89,8.97,7.412477,52600
2013-09-10,8.95,9.86,8.94,9.75,8.057043,111800
2013-09-11,9.74,11.0,9.74,10.74,8.875142,115700
2013-09-12,10.99,11.0,10.53,10.83,8.949514,121700
2013-09-13,10.7,10.89,10.53,10.6,8.759452,35700
2013-09-16,10.69,10.9,10.46,10.63,8.784241999999999,11800
2013-09-17,10.6,10.92,10.6,10.75,8.883405999999999,30200
2013-09-18,10.71,12.1,10.68,12.06,9.965941,146000
2013-09-19,12.07,12.55,11.7,12.24,10.114685,124200
2013-09-20,12.21,12.97,12.0,12.97,10.717931,113400
2013-09-23,12.92,12.98,12.3,12.61,10.420442,46200
2013-09-24,12.59,12.99,12.52,12.97,10.717931,23700
2013-09-25,12.88,13.19,12.88,13.08,10.808831,45500
2013-09-26,13.08,13.15,12.95,13.11,10.833619,52500
2013-09-27,13.06,13.14,12.68,12.81,10.585714999999999,13500
2013-09-30,12.71,13.09,12.4,13.09,10.817094,45000
2013-10-01,13.04,13.9,13.01,13.59,11.230278,28500
2013-10-02,13.41,13.58,13.36,13.46,11.122849,29400
2013-10-03,13.39,13.41,13.1,13.2,10.907995,10800
2013-10-04,13.16,13.45,12.96,13.13,10.85015,15900
2013-10-07,12.94,13.06,12.55,12.95,10.701404,25000
2013-10-08,12.79,12.98,12.63,12.86,10.627033,20500
2013-10-09,12.84,12.9,12.62,12.82,10.593977,9400
2013-10-10,12.79,13.23,12.34,13.02,10.75925,16700
2013-10-11,13.05,13.39,12.9,13.23,10.932785,22200
2013-10-14,13.53,13.53,13.16,13.43,11.098059,15100
2013-10-15,13.49,13.49,13.14,13.4,11.073269,20500
2013-10-16,13.46,13.5,13.24,13.46,11.122849,14900
2013-10-17,13.47,13.96,13.4,13.84,11.436869999999999,12500
2013-10-18,13.98,14.14,13.75,13.94,11.519505,32200
2013-10-21,13.9,14.04,13.27,13.52,11.172432,19100
2013-10-22,13.52,13.85,13.46,13.61,11.246804,25000
2013-10-23,13.61,13.74,13.56,13.73,11.345968,6900
2013-10-24,13.75,13.75,13.38,13.71,11.329442,20100
2013-10-25,13.71,13.71,13.4,13.71,11.329442,13200
2013-10-28,13.7,13.75,13.5,13.7,11.321177,13500
2013-10-29,13.66,13.75,13.55,13.7,11.321177,5500
2013-10-30,13.7,13.85,13.7,13.7,11.321177,6000
2013-10-31,13.67,13.84,13.67,13.79,11.395549,6800
2013-11-01,13.76,13.85,13.73,13.74,11.354231,7500
2013-11-04,13.8,13.98,13.56,13.97,11.544293,22200
2013-11-05,13.96,14.42,13.94,14.34,11.850049,24700
2013-11-06,14.46,14.68,14.05,14.39,11.891368,19400
2013-11-07,14.49,15.23,14.21,14.78,12.213650999999999,41600
2013-11-08,14.77,14.77,14.43,14.49,11.974002,18000
2013-11-11,14.63,14.83,13.47,13.47,11.131112,69800
2013-11-12,13.51,13.77,12.67,12.67,10.470024,62500
2013-11-13,12.6,12.73,11.88,12.52,10.346067,95800
2013-11-14,12.5,12.58,12.31,12.58,10.395649,64000
2013-11-15,12.72,13.1,12.53,12.96,10.709669,40700
2013-11-18,12.81,14.6,12.46,13.0,10.801063000000001,33300
2013-11-19,13.02,13.2,12.51,12.83,10.659816000000001,7600
2013-11-20,12.68,12.9,12.58,12.85,10.676434,12500
2013-11-21,12.88,12.88,12.53,12.62,10.485339,15700
2013-11-22,12.66,12.8,12.51,12.73,10.576733,23500
2013-11-25,12.53,13.15,12.51,12.75,10.593349,34000
2013-11-26,12.8,12.8,12.4,12.66,10.518571000000001,23800
2013-11-27,12.62,12.83,12.55,12.67,10.526881,16300
2013-11-29,12.6,12.83,12.6,12.71,10.560117,6600
2013-12-02,12.67,12.83,12.67,12.71,10.560117,7300
2013-12-03,12.74,12.75,12.65,12.66,10.518571000000001,12900
2013-12-04,12.72,12.73,12.6,12.64,10.501959,4300
2013-12-05,12.6,12.71,12.44,12.49,10.377329,8400
2013-12-06,12.53,12.65,12.05,12.64,10.501959,18900
2013-12-09,12.69,12.69,12.08,12.08,10.036678,8300
2013-12-10,12.01,12.15,11.66,11.95,9.928668,62800
2013-12-11,11.89,12.0,11.62,12.0,9.970212,8900
2013-12-12,11.81,11.99,11.66,11.88,9.870509,74200
2013-12-13,11.93,12.0,11.54,11.85,9.845583,6600
2013-12-16,11.83,12.07,11.76,12.05,10.011755,15200
2013-12-17,12.15,12.19,11.82,12.18,10.119766,10500
2013-12-18,12.18,12.66,12.16,12.54,10.418871000000001,15000
2013-12-19,12.69,12.71,12.52,12.7,10.551807,12900
2013-12-20,12.06,12.88,12.06,12.88,10.701360000000001,54100
2013-12-23,12.91,12.91,12.44,12.71,10.560117,9000
2013-12-24,12.69,12.72,12.51,12.51,10.393946000000001,700
2013-12-26,12.6,12.84,12.46,12.68,10.53519,2200
2013-12-27,12.38,12.8,12.38,12.71,10.560117,3500
2013-12-30,12.76,12.8,12.5,12.57,10.443795,6500
2013-12-31,12.58,12.79,12.53,12.53,10.410563,7200
2014-01-02,12.45,12.58,12.31,12.33,10.244392,4200
2014-01-03,12.39,12.5,12.25,12.27,10.194541000000001,17400
2014-01-06,12.37,12.49,12.37,12.41,10.310858999999999,5700
2014-01-07,12.52,12.94,12.4,12.5,10.385637,18800
2014-01-08,12.55,12.99,12.51,12.6,10.468722,11800
2014-01-09,12.67,12.8,12.6,12.6,10.468722,5000
2014-01-10,12.65,12.69,12.5,12.69,10.543498,3000
2014-01-13,12.6,12.8,12.52,12.77,10.609964999999999,11800
2014-01-14,12.71,12.74,12.5,12.72,10.568422,5800
2014-01-15,12.75,12.76,12.52,12.54,10.418871000000001,31900
2014-01-16,12.5,12.52,12.4,12.4,10.30255,7400
2014-01-17,12.35,12.51,12.27,12.31,10.227777,20000
2014-01-21,12.3,12.33,12.0,12.22,10.153,23600
2014-01-22,12.25,12.26,12.02,12.03,9.995138,41300
2014-01-23,12.03,12.03,11.91,12.0,9.970212,17200
2014-01-24,11.99,12.0,11.85,11.85,9.845583,41800
2014-01-27,11.81,12.02,11.76,11.8,9.804041999999999,17700
2014-01-28,11.9,11.93,11.75,11.9,9.887125,48400
2014-01-29,11.87,11.97,11.85,11.88,9.870509,1000
2014-01-30,11.89,12.0,11.84,11.95,9.928668,8000
2014-01-31,11.85,12.0,11.77,11.88,9.870509,9300
2014-02-03,11.91,11.91,11.75,11.78,9.787424,4500
2014-02-04,11.7,11.89,11.45,11.75,9.762499,16500
2014-02-05,11.67,11.8,11.64,11.66,9.687723,2500
2014-02-06,11.64,11.97,11.4,11.81,9.812349000000001,18300
2014-02-07,11.66,11.98,11.65,11.98,9.953596000000001,3500
2014-02-10,11.93,12.0,11.74,11.9,9.887125,11400
2014-02-11,11.84,11.84,11.5,11.57,9.612946,12900
2014-02-12,11.53,11.78,11.4,11.78,9.787424,10700
2014-02-13,11.71,12.0,11.71,11.81,9.812349000000001,6500
2014-02-14,11.96,11.98,11.43,11.57,9.612946,17200
2014-02-18,11.46,11.85,11.46,11.82,9.880434,6400
2014-02-19,11.81,11.81,11.54,11.66,9.746691,2000
2014-02-20,11.5,11.86,11.5,11.78,9.847,3200
2014-02-21,11.78,11.98,11.52,11.53,9.638021,5400
2014-02-24,11.51,11.67,11.45,11.6,9.696536,3000
2014-02-25,11.74,11.74,11.51,11.53,9.638021,7300
2014-02-26,11.69,11.69,11.57,11.69,9.771768,800
2014-02-27,11.54,11.65,11.5,11.61,9.704895,11600
2014-02-28,11.54,11.78,11.42,11.6,9.696536,10700
2014-03-03,11.36,11.36,11.16,11.17,9.337095,5600
2014-03-04,11.29,11.72,11.16,11.59,9.688178,12200
2014-03-05,11.63,11.9,11.63,11.81,9.872075,8600
2014-03-06,11.79,11.79,11.33,11.63,9.721613,5700
2014-03-07,11.15,11.15,9.8,9.99,8.350723,385400
2014-03-10,9.91,10.11,9.85,9.99,8.350723,23400
2014-03-11,10.07,10.58,9.98,10.49,8.768677,65800
2014-03-12,10.45,10.5,10.35,10.44,8.726882000000002,22700
2014-03-13,10.46,10.6,10.41,10.58,8.843909,45100
2014-03-14,10.6,10.85,10.6,10.76,8.994372,18100
2014-03-17,10.83,10.96,10.7,10.9,9.1114,47500
2014-03-18,10.99,11.04,10.84,11.0,9.194992,49300
2014-03-19,10.96,11.04,10.76,11.02,9.21171,11500
2014-03-20,11.08,11.2,10.98,11.12,9.2953,18600
2014-03-21,11.1,11.53,11.1,11.53,9.638021,35700
2014-03-24,11.41,11.66,11.07,11.5,9.612946,40900
2014-03-25,11.48,11.53,11.28,11.5,9.612946,51100
2014-03-26,11.49,11.5,11.12,11.32,9.462481,16000
2014-03-27,11.24,11.35,11.02,11.27,9.420687,69800
2014-03-28,11.09,11.49,11.0,11.33,9.470839999999999,7200
2014-03-31,11.37,11.49,11.31,11.49,9.604586999999999,6300
2014-04-01,11.4,11.5,11.06,11.49,9.604586999999999,22400
2014-04-02,11.38,11.48,11.15,11.25,9.403969,9100
2014-04-03,11.19,11.47,11.0,11.47,9.587867999999999,12700
2014-04-04,11.3,11.41,11.18,11.32,9.462481,34200
2014-04-07,11.07,11.27,11.01,11.1,9.278584,3600
2014-04-08,11.16,11.35,10.91,10.94,9.144835,12400
2014-04-09,10.92,11.35,10.56,11.05,9.236788,30500
2014-04-10,10.75,11.35,10.75,10.8,9.02781,14700
2014-04-11,10.7,11.35,10.6,10.83,9.052883999999999,14100
2014-04-14,10.92,11.1,10.6,10.8,9.02781,19300
2014-04-15,10.85,11.04,10.85,10.9,9.1114,28000
2014-04-16,10.9,11.29,10.75,11.1,9.278584,13000
2014-04-17,10.85,11.25,10.85,11.22,9.378891000000001,51400
2014-04-21,10.7,11.35,10.52,11.25,9.403969,52400
2014-04-22,11.26,11.35,11.0,11.19,9.353812,10900
2014-04-23,11.14,11.24,10.75,10.96,9.161555,5900
2014-04-24,10.95,11.33,10.7,10.91,9.119761,21700
2014-04-25,10.81,11.05,10.59,10.65,8.902424,12900
2014-04-28,10.53,10.79,10.53,10.67,8.919141999999999,7800
2014-04-29,10.58,10.88,10.58,10.75,8.986013,10400
2014-04-30,10.61,10.93,10.61,10.69,8.93586,1700
2014-05-01,10.73,11.33,10.57,10.57,8.83555,6300
2014-05-02,10.81,10.91,10.54,10.82,9.044528,3500
2014-05-05,10.79,10.79,10.5,10.6,8.860628,16500
2014-05-06,10.58,10.6,10.47,10.58,8.843909,9300
2014-05-07,10.6,10.78,10.46,10.47,8.751959,6600
2014-05-08,10.4,10.78,10.15,10.33,8.634932000000001,31400
2014-05-09,9.8,10.21,9.12,10.19,8.517904,19400
2014-05-12,10.07,10.17,9.87,10.17,8.50119,7000
2014-05-13,10.1,10.2,10.1,10.18,8.509546,7400
2014-05-14,10.24,10.24,10.02,10.16,8.492828999999999,2600
2014-05-15,9.83,10.12,9.83,10.06,8.409239,2100
2014-05-16,10.02,10.16,9.95,10.16,8.560905,15000
2014-05-19,10.09,10.15,10.0,10.15,8.552480000000001,6500
2014-05-20,10.07,10.27,10.03,10.13,8.535632000000001,5200
2014-05-21,10.29,10.5,10.28,10.44,8.796837,7100
2014-05-22,10.62,10.62,10.38,10.38,8.746282,1200
2014-05-23,10.46,10.51,10.41,10.51,8.855822,1600
2014-05-27,10.07,10.61,10.07,10.41,8.771559,2200
2014-05-28,10.26,10.53,10.26,10.32,8.695724,1700
2014-05-29,10.24,10.43,10.24,10.43,8.788411,800
2014-05-30,10.01,10.4,10.01,10.28,8.662021000000001,3400
2014-06-02,10.63,10.63,10.19,10.4,8.763133,4100
2014-06-03,10.3,10.34,10.13,10.3,8.678872,7600
2014-06-04,10.45,10.47,10.23,10.23,8.619889,5000
2014-06-05,10.21,10.33,10.08,10.2,8.594610000000001,4900
2014-06-06,10.14,10.33,10.14,10.32,8.695724,1200
2014-06-09,10.2,10.21,10.05,10.2,8.594610000000001,22200
2014-06-10,10.18,10.52,10.05,10.42,8.779983999999999,6500
2014-06-11,10.49,10.51,10.16,10.28,8.662021000000001,3300
2014-06-12,10.2,10.5,10.1,10.25,8.63674,6200
2014-06-13,10.33,10.38,10.31,10.34,8.712576,1900
2014-06-16,10.4,10.45,10.22,10.39,8.754708,3900
2014-06-17,10.2,10.29,10.08,10.26,8.64517,4100
2014-06-18,10.2,10.45,10.07,10.25,8.63674,5200
2014-06-19,10.23,10.25,10.06,10.21,8.603036999999999,3700
2014-06-20,10.19,10.28,9.71,9.71,8.181735,3300
2014-06-23,10.4,10.4,9.85,9.98,8.409238,5300
2014-06-24,10.04,10.08,9.78,9.93,8.367106,11600
2014-06-25,9.93,10.39,9.93,10.1,8.510349,11000
2014-06-26,10.17,10.17,9.92,10.04,8.459794,4700
2014-06-27,10.22,10.42,9.96,10.42,8.779983999999999,3900
2014-06-30,10.21,10.43,10.06,10.36,8.729427000000001,9600
2014-07-01,10.05,10.44,10.05,10.44,8.796837,10000
2014-07-02,10.39,10.4,10.11,10.14,8.544056,9600
2014-07-03,10.15,10.43,10.15,10.23,8.619889,8300
2014-07-07,9.92,10.24,9.88,10.18,8.577759,8900
2014-07-08,10.06,10.2,9.99,10.15,8.552480000000001,3500
2014-07-09,10.13,10.15,10.12,10.13,8.535632000000001,1500
2014-07-10,10.12,10.15,9.82,10.12,8.527203,3800
2014-07-11,10.1,10.24,10.0,10.24,8.628314,3800
2014-07-14,10.0,10.14,10.0,10.1,8.510349,3400
2014-07-15,10.03,10.24,10.0,10.07,8.485072,9400
2014-07-16,10.04,10.15,10.0,10.09,8.501925,6400
2014-07-17,10.04,10.21,9.87,9.91,8.350255,9600
2014-07-18,9.94,10.18,9.8,9.86,8.308125,22900
2014-07-21,9.89,10.0,9.68,9.72,8.19016,7000
2014-07-22,9.77,9.77,9.49,9.58,8.072194999999999,15600
2014-07-23,10.0,10.0,9.51,9.69,8.164881,17500
2014-07-24,9.76,9.91,9.74,9.83,8.282846000000001,4800
2014-07-25,9.84,9.84,9.7,9.7,8.173306,4900
2014-07-28,9.53,9.78,9.42,9.55,8.046915,32100
2014-07-29,9.48,9.64,9.15,9.35,7.878396,20100
2014-07-30,9.36,9.62,9.15,9.26,7.802557000000001,9700
2014-07-31,9.16,9.53,8.95,9.01,7.591907000000001,37900
2014-08-01,9.02,9.1,8.67,8.88,7.482369,17400
2014-08-04,9.11,9.11,8.79,8.79,7.4065330000000005,6500
2014-08-05,8.76,9.0,8.61,8.63,7.2717149999999995,22300
2014-08-06,8.51,8.96,8.51,8.96,7.549776,17300
2014-08-07,8.2,8.22,7.13,7.14,6.016227,237900
2014-08-08,7.0,7.39,7.0,7.33,6.176323,64200
2014-08-11,7.41,7.7,7.4,7.52,6.336419,69600
2014-08-12,7.37,7.58,7.3,7.39,6.226881,57400
2014-08-13,7.42,7.5,7.34,7.35,6.193175,22400
2014-08-14,7.27,7.46,7.17,7.41,6.2437309999999995,24200
2014-08-15,7.33,7.49,7.33,7.34,6.18475,14300
2014-08-18,7.32,7.5,7.3,7.3,6.218826,17900
2014-08-19,7.15,7.78,7.15,7.65,6.516987,34800
2014-08-20,7.56,7.82,7.46,7.52,6.406242,10300
2014-08-21,7.52,7.67,7.25,7.5,6.389204,24400
2014-08-22,7.41,7.59,7.32,7.42,6.321053,8500
2014-08-25,7.5,7.52,7.34,7.47,6.363648,9500
2014-08-26,7.47,7.7,7.39,7.5,6.389204,17200
2014-08-27,7.45,7.69,7.32,7.46,6.355129,13400
2014-08-28,7.46,7.46,7.32,7.44,6.33809,2900
2014-08-29,7.6,7.79,7.6,7.79,6.636253999999999,30500
2014-09-02,7.94,8.04,7.85,7.85,6.687366,93600
2014-09-03,7.94,7.94,7.82,7.9,6.7299619999999996,21600
2014-09-04,7.94,7.94,7.75,7.76,6.610697,12900
2014-09-05,7.87,7.87,7.62,7.62,6.4914309999999995,11500
2014-09-08,7.62,7.82,7.62,7.66,6.525506,11900
2014-09-09,7.66,7.7,7.65,7.66,6.525506,9100
2014-09-10,7.64,7.72,7.5,7.51,6.397724,21300
2014-09-11,7.54,7.85,7.4,7.44,6.33809,41300
2014-09-12,7.45,7.73,7.43,7.44,6.33809,32000
2014-09-15,7.52,7.53,7.21,7.26,6.18475,27800
2014-09-16,7.21,7.5,7.21,7.21,6.142155000000001,11100
2014-09-17,7.21,7.3,7.12,7.12,6.065485,67200
2014-09-18,7.2,7.28,7.11,7.23,6.159193,17700
2014-09-19,7.2,7.25,7.0,7.21,6.142155000000001,149100
2014-09-22,7.2,7.25,6.72,6.92,5.895106,108200
2014-09-23,6.9,6.95,6.84,6.9,5.878067,22800
2014-09-24,6.87,6.94,6.8,6.88,5.861031,31900
2014-09-25,6.8,6.8,6.5,6.73,5.733246,65800
2014-09-26,6.72,6.87,6.5,6.62,5.639537000000001,77000
2014-09-29,6.56,6.94,6.45,6.81,5.8013959999999996,52500
2014-09-30,6.6,6.91,6.6,6.74,5.741765,34400
2014-10-01,6.7,6.95,6.68,6.8,5.792878,26100
2014-10-02,6.74,6.75,6.6,6.71,5.716208,13200
2014-10-03,6.75,6.82,6.6,6.61,5.631019,15400
2014-10-06,6.7,6.77,6.52,6.52,5.554348,10500
2014-10-07,6.57,6.57,6.3,6.3,5.366932,17000
2014-10-08,6.3,6.35,6.0,6.1,5.196553,36000
2014-10-09,6.17,6.29,5.91,5.99,5.102844,12500
2014-10-10,5.94,6.01,5.54,5.87,5.000616,26200
2014-10-13,5.83,5.85,5.44,5.54,4.719492,28200
2014-10-14,5.52,5.64,5.33,5.38,4.583189,22400
2014-10-15,5.33,5.47,5.33,5.45,4.642821,56400
2014-10-16,5.41,5.62,5.3,5.49,4.676898,216000
2014-10-17,5.58,5.65,5.36,5.4,4.600226999999999,49100
2014-10-20,5.44,5.51,5.34,5.34,4.549114,54200
2014-10-21,5.43,5.76,5.32,5.68,4.838757,23800
2014-10-22,5.76,5.85,5.59,5.74,4.889869999999999,23300
2014-10-23,5.98,5.98,5.81,5.86,4.992098,11600
2014-10-24,5.89,6.34,5.89,6.11,5.205071,161800
2014-10-27,6.11,6.25,6.0,6.08,5.1795160000000005,25200
2014-10-28,6.08,6.11,5.94,5.94,5.06025,8300
2014-10-29,5.66,5.99,5.44,5.7,4.855795,52100
2014-10-30,5.67,5.79,5.52,5.59,4.762086,16700
2014-10-31,5.63,5.75,5.6,5.73,4.881352,11100
2014-11-03,5.73,5.84,5.65,5.83,4.966541,13400
2014-11-04,5.9,6.17,5.9,6.16,5.247666000000001,26900
2014-11-05,6.17,6.35,5.91,5.94,5.06025,17200
2014-11-06,5.95,6.01,5.73,5.92,5.043211,9600
2014-11-07,5.71,5.82,5.52,5.53,4.710973,71800
2014-11-10,5.5,5.75,5.4,5.48,4.668379,66300
2014-11-11,5.5,5.67,5.46,5.5,4.685417,47800
2014-11-12,5.5,5.72,5.19,5.44,4.634303,202900
2014-11-13,5.45,5.81,5.38,5.39,4.591709,14200
2014-11-14,5.5,5.77,5.4,5.68,4.838757,84400
2014-11-17,5.81,5.81,5.61,5.78,4.923947,14100
2014-11-18,5.7,5.78,5.54,5.57,4.811647,14500
2014-11-19,5.63,5.74,5.56,5.69,4.9153080000000005,5300
2014-11-20,5.61,5.64,5.48,5.48,4.733899,15200
2014-11-21,5.51,5.58,5.4,5.49,4.742539,24200
2014-11-24,5.46,5.57,5.38,5.48,4.733899,63200
2014-11-25,5.48,5.5,5.4,5.41,4.6734290000000005,17000
2014-11-26,5.49,5.5,5.44,5.49,4.742539,17100
2014-11-28,5.49,5.49,5.49,5.49,4.742539,0
2014-12-01,5.57,5.57,5.48,5.51,4.759816000000001,20200
2014-12-02,5.52,5.53,5.41,5.41,4.6734290000000005,10000
2014-12-03,5.45,5.57,5.45,5.47,4.725262,11700
2014-12-04,5.54,5.54,5.35,5.48,4.733899,45500
2014-12-05,5.4,5.64,5.4,5.61,4.8462,22500
2014-12-08,5.59,5.59,5.36,5.55,4.7943690000000005,19700
2014-12-09,5.55,5.7,5.55,5.66,4.889392,17900
2014-12-10,5.69,5.7,5.3,5.47,4.725262,14100
2014-12-11,5.43,5.61,5.38,5.41,4.6734290000000005,14500
2014-12-12,5.39,5.62,5.37,5.41,4.6734290000000005,16300
2014-12-15,5.49,5.49,5.32,5.4,4.664791999999999,15100
2014-12-16,5.39,5.42,5.31,5.32,4.595683999999999,18700
2014-12-17,5.38,5.62,5.35,5.43,4.690708,9000
2014-12-18,5.47,5.54,5.31,5.32,4.595683999999999,14200
2014-12-19,5.35,5.59,5.3,5.3,4.578407,30700
2014-12-22,5.48,5.68,5.36,5.36,4.630237999999999,15400
2014-12-23,5.48,5.5,5.37,5.48,4.733899,46700
2014-12-24,5.49,5.69,5.49,5.68,4.906671,3100
2014-12-26,5.59,5.65,5.51,5.54,4.785731,14900
2014-12-29,5.45,5.52,5.45,5.49,4.742539,10500
2014-12-30,5.41,5.53,5.41,5.43,4.690708,16200
2014-12-31,5.42,5.54,5.37,5.47,4.725262,12000
2015-01-02,5.46,5.56,5.46,5.55,4.7943690000000005,6100
2015-01-05,5.55,5.76,5.54,5.68,4.906671,19200
2015-01-06,5.65,5.79,5.6,5.61,4.8462,19200
2015-01-07,5.74,5.98,5.66,5.82,5.02761,15300
2015-01-08,5.82,6.06,5.81,5.99,5.174462999999999,16900
2015-01-09,6.16,6.17,5.99,6.1,5.269486,18200
2015-01-12,6.2,6.2,5.93,6.05,5.2262949999999995,25500
2015-01-13,6.16,6.16,5.9,6.09,5.260848999999999,8400
2015-01-14,6.01,6.13,5.85,5.98,5.165825,7200
2015-01-15,6.06,6.14,5.85,5.86,5.062163,10000
2015-01-16,6.13,6.13,5.75,5.99,5.174462999999999,11900
2015-01-20,6.08,6.15,6.04,6.15,5.31268,8900
2015-01-21,6.11,6.11,5.93,5.93,5.122633,3600
2015-01-22,5.96,6.15,5.96,6.13,5.295403,11600
2015-01-23,6.0,6.13,5.9,6.12,5.286764,8900
2015-01-26,6.1,6.11,5.9,6.01,5.19174,19100
2015-01-27,5.97,6.14,5.9,5.99,5.174462999999999,7200
2015-01-28,6.01,6.12,5.93,5.95,5.139908999999999,21100
2015-01-29,6.07,6.1,6.0,6.08,5.252211,5000
2015-01-30,6.13,6.13,5.95,5.95,5.139908999999999,11100
2015-02-02,5.96,5.98,5.91,5.92,5.113994,14100
2015-02-03,6.1,6.1,5.94,5.94,5.131271,13100
2015-02-04,6.0,6.1,5.94,6.06,5.234933,19400
2015-02-05,6.08,6.08,5.97,6.05,5.2262949999999995,11800
2015-02-06,6.06,6.11,6.02,6.02,5.200378,14600
2015-02-09,6.07,6.11,6.03,6.07,5.243571,6200
2015-02-10,6.04,6.75,6.04,6.12,5.286764,27400
2015-02-11,6.23,6.42,6.03,6.3,5.442258,28500
2015-02-12,6.35,6.42,6.08,6.37,5.502726999999999,42100
2015-02-13,6.42,6.58,6.32,6.48,5.597748999999999,21800
2015-02-17,6.59,6.85,6.45,6.75,5.83099,12300
2015-02-18,6.37,6.71,6.34,6.38,5.577469000000001,8600
2015-02-19,6.71,6.76,6.25,6.52,5.699857,5000
2015-02-20,6.68,6.68,6.35,6.61,5.778537,6100
2015-02-23,6.64,6.64,6.4,6.41,5.603695,9400
2015-02-24,6.41,6.59,6.35,6.55,5.726083999999999,10800
2015-02-25,6.55,6.68,6.5,6.67,5.83099,17500
2015-02-26,6.61,6.85,6.6,6.76,5.909668,13900
2015-02-27,6.82,6.84,6.52,6.52,5.699857,18500
2015-03-02,6.64,6.71,6.52,6.54,5.7173419999999995,19800
2015-03-03,6.54,6.55,6.51,6.53,5.7086,30900
2015-03-04,6.52,6.6,6.4,6.43,5.621179,26600
2015-03-05,6.49,6.5,6.37,6.37,5.568725,18500
2015-03-06,6.1,6.7,6.1,6.24,5.455078,74800
2015-03-09,6.21,6.21,5.95,5.95,5.201557,42700
2015-03-10,5.95,6.07,5.94,5.94,5.192815,30300
2015-03-11,6.11,6.32,6.09,6.15,5.3764,7000
2015-03-12,6.11,6.12,5.82,5.98,5.227784,14400
2015-03-13,6.03,6.67,5.86,6.06,5.297721,17800
2015-03-16,6.1,6.41,5.98,6.21,5.428852,13500
2015-03-17,6.12,6.14,5.97,6.12,5.350173000000001,20800
2015-03-18,6.07,6.15,5.98,6.04,5.2802370000000005,12400
2015-03-19,6.06,6.33,5.98,6.05,5.288979,6700
2015-03-20,6.06,6.12,5.96,5.96,5.2103,5700
2015-03-23,6.15,6.15,6.01,6.06,5.297721,2600
2015-03-24,6.13,6.13,5.85,6.01,5.25401,3400
2015-03-25,6.1,6.11,5.99,6.03,5.271494000000001,1100
2015-03-26,5.63,6.09,5.63,5.9,5.157847,18600
2015-03-27,5.94,5.94,5.87,5.87,5.13162,300
2015-03-30,5.96,5.96,5.94,5.94,5.192815,600
2015-03-31,5.94,5.94,5.8,5.91,5.166589,2500
2015-04-01,5.98,5.98,5.72,5.83,5.096652,3400
2015-04-02,5.76,5.85,5.59,5.61,4.904326,6000
2015-04-06,5.57,6.02,5.2,5.39,4.711998,27300
2015-04-07,5.5,5.6,5.16,5.3,4.633319999999999,31200
2015-04-08,5.3,5.78,5.22,5.25,4.589608999999999,26200
2015-04-09,5.25,5.4,5.22,5.3,4.633319999999999,7800
2015-04-10,5.31,5.31,5.12,5.28,4.615836,4100
2015-04-13,5.27,5.3,5.18,5.29,4.624578,9200
2015-04-14,5.28,5.28,5.2,5.27,4.607094,5300
2015-04-15,5.4,5.4,5.28,5.31,4.642062,34100
2015-04-16,5.33,5.33,5.24,5.28,4.615836,10500
2015-04-17,5.22,5.26,5.2,5.24,4.580867,5900
2015-04-20,5.27,5.62,5.25,5.26,4.5983529999999995,6400
2015-04-21,5.24,5.33,5.24,5.25,4.589608999999999,8300
2015-04-22,5.22,5.29,5.2,5.22,4.563383,7500
2015-04-23,5.21,5.4,5.2,5.21,4.554641999999999,28700
2015-04-24,5.13,5.24,5.13,5.23,4.572126,20400
2015-04-27,5.17,5.29,5.1,5.17,4.519672,28300
2015-04-28,5.2,5.21,5.1,5.2,4.545898,4100
2015-04-29,5.2,5.3,5.1,5.26,4.5983529999999995,106700
2015-04-30,5.48,5.48,5.02,5.12,4.475961,30800
2015-05-01,5.13,5.66,5.1,5.18,4.528414,14000
2015-05-04,5.36,5.36,5.08,5.08,4.440993,23600
2015-05-05,5.15,5.29,5.08,5.15,4.502187999999999,14400
2015-05-06,5.25,5.32,5.24,5.25,4.589608999999999,21700
2015-05-07,5.99,5.99,5.65,5.86,5.122878,72400
2015-05-08,5.97,6.63,5.81,6.63,5.796022,64000
2015-05-11,6.6,6.6,6.07,6.53,5.7086,12300
2015-05-12,6.45,6.54,6.37,6.45,5.638662999999999,17100
2015-05-13,6.5,6.56,6.45,6.51,5.691115,2600
2015-05-14,6.51,6.74,6.46,6.54,5.7173419999999995,14600
2015-05-15,6.56,6.88,6.55,6.88,6.014574,27400
2015-05-18,6.7,6.87,6.46,6.87,6.0764879999999994,8300
2015-05-19,6.6,6.74,6.6,6.66,5.890745,3000
2015-05-20,6.73,6.84,6.18,6.47,5.72269,32600
2015-05-21,6.33,6.39,6.23,6.39,5.651932,1900
2015-05-22,6.06,6.58,6.01,6.09,5.386582,29800
2015-05-26,6.08,6.35,5.92,6.27,5.54579,45600
2015-05-27,6.22,6.57,5.92,6.31,5.581171,62400
2015-05-28,6.4,6.55,6.4,6.55,5.79345,3200
2015-05-29,6.56,6.56,6.45,6.51,5.75807,5900
2015-06-01,6.52,6.67,6.5,6.58,5.819985,12900
2015-06-02,6.71,6.85,6.49,6.73,5.952659,14600
2015-06-03,6.61,6.95,6.61,6.84,6.0499540000000005,15000
2015-06-04,6.9,7.25,6.9,7.17,6.341837,27100
2015-06-05,7.06,7.47,7.01,7.01,6.200319,65700
2015-06-08,7.21,7.5,7.13,7.13,6.306457,25400
2015-06-09,7.12,7.3,7.12,7.15,6.324147,6100
2015-06-10,7.34,7.5,7.24,7.37,6.518737000000001,35200
2015-06-11,7.41,7.44,7.33,7.36,6.509892,5300
2015-06-12,7.35,7.35,7.17,7.33,6.483356,5400
2015-06-15,7.19,7.34,7.11,7.18,6.350682,21900
2015-06-16,7.2,7.23,7.02,7.04,6.226853,14600
2015-06-17,7.01,7.13,7.01,7.01,6.200319,11900
2015-06-18,7.12,7.2,7.02,7.19,6.359528,10000
2015-06-19,7.16,7.47,7.1,7.47,6.6071860000000004,10000
2015-06-22,7.5,7.5,7.04,7.15,6.324147,4800
2015-06-23,7.32,7.44,7.09,7.26,6.421442,10800
2015-06-24,7.29,7.45,7.1,7.13,6.306457,10500
2015-06-25,7.27,7.34,7.05,7.13,6.306457,5800
2015-06-26,7.19,7.28,7.0,7.0,6.191473,19000
2015-06-29,7.02,7.44,6.6,6.66,5.890745,34000
2015-06-30,6.59,6.69,6.58,6.68,5.908434,12600
2015-07-01,6.79,7.23,6.79,7.04,6.226853,4400
2015-07-02,7.12,7.12,6.8,7.04,6.226853,1500
2015-07-06,6.95,7.33,6.95,7.25,6.412598,5600
2015-07-07,7.41,7.41,7.06,7.28,6.439132,18600
2015-07-08,7.25,7.25,7.05,7.16,6.332992,7600
2015-07-09,7.08,7.2,7.08,7.2,6.368373,4800
2015-07-10,7.41,7.41,7.32,7.33,6.483356,1600
2015-07-13,7.39,7.39,7.33,7.38,6.527582,3100
2015-07-14,7.46,7.5,7.3,7.48,6.6160309999999996,15600
2015-07-15,7.47,7.47,7.38,7.41,6.554117,5200
2015-07-16,7.4,7.5,7.4,7.49,6.6248759999999995,6100
2015-07-17,7.47,7.59,7.47,7.54,6.6691009999999995,5400
2015-07-20,7.6,7.6,7.5,7.5,6.633721,5100
2015-07-21,7.54,7.9,7.54,7.7,6.81062,10800
2015-07-22,7.75,7.92,7.68,7.89,6.978674000000001,28000
2015-07-23,7.95,8.01,7.75,7.76,6.863689999999999,24500
2015-07-24,7.76,7.76,7.5,7.5,6.633721,16400
2015-07-27,7.5,7.5,7.2,7.21,6.377217,24800
2015-07-28,7.21,7.47,7.2,7.26,6.421442,4200
2015-07-29,7.28,7.43,7.16,7.29,6.447977,5400
2015-07-30,7.57,7.91,7.21,7.65,6.766396,75700
2015-07-31,7.32,7.65,7.32,7.41,6.554117,9300
2015-08-03,7.36,7.7,7.23,7.28,6.439132,11200
2015-08-04,7.11,7.67,7.1,7.2,6.368373,12100
2015-08-05,7.87,8.15,7.44,8.02,7.093659,106400
2015-08-06,8.0,8.0,7.85,7.94,7.022899000000001,23900
2015-08-07,8.0,8.08,7.9,8.0,7.07597,13700
2015-08-10,7.94,8.0,7.51,7.93,7.014055,31900
2015-08-11,7.83,7.98,7.79,7.8,6.899071000000001,12200
2015-08-12,7.7,7.9,7.7,7.85,6.943294,10500
2015-08-13,7.86,8.0,7.86,7.92,7.005209,5000
2015-08-14,7.98,7.99,7.9,7.99,7.067124000000001,4600
2015-08-17,7.99,8.08,7.53,7.8,6.899071000000001,54300
2015-08-18,7.8,7.92,7.7,7.85,7.015246,12500
2015-08-19,7.89,8.0,7.8,7.96,7.113549000000001,22800
2015-08-20,7.96,8.0,7.66,7.68,6.863325,32500
2015-08-21,7.72,7.77,7.48,7.55,6.747147999999999,22700
2015-08-24,7.25,7.59,6.4,7.54,6.738211,42300
2015-08-25,7.6,7.6,7.38,7.44,6.648844,22400
2015-08-26,7.6,7.6,7.38,7.51,6.7114009999999995,14500
2015-08-27,7.59,7.74,7.53,7.6,6.79183,24600
2015-08-28,7.5,7.73,7.5,7.54,6.738211,10700
2015-08-31,7.46,7.69,7.45,7.51,6.7114009999999995,5800
2015-09-01,7.73,7.73,7.51,7.56,6.756083,8000
2015-09-02,7.68,7.68,7.51,7.52,6.720338000000001,10100
2015-09-03,7.53,7.6,7.43,7.43,6.639908,3300
2015-09-04,7.39,7.52,7.39,7.44,6.648844,5200
2015-09-08,7.5,7.5,7.35,7.36,6.577352,11100
2015-09-09,7.4,7.7,7.36,7.38,6.595225999999999,28600
2015-09-10,7.48,7.65,7.46,7.51,6.7114009999999995,46000
2015-09-11,7.5,7.5,7.43,7.47,6.675655,15800
2015-09-14,7.56,7.7,7.47,7.52,6.720338000000001,98600
2015-09-15,7.61,7.99,7.58,7.92,7.077803,115100
2015-09-16,7.95,8.7,7.94,8.45,7.551442999999999,361400
2015-09-17,8.37,8.62,8.37,8.6,7.685492999999999,96700
2015-09-18,8.52,9.0,8.48,8.99,8.034019,100400
2015-09-21,9.0,9.11,8.68,9.0,8.042958,87600
2015-09-22,8.83,8.98,8.66,8.77,7.837416,47000
2015-09-23,8.74,8.95,8.59,8.78,7.846350999999999,11400
2015-09-24,8.71,8.88,8.52,8.8,7.864224,18800
2015-09-25,8.9,9.1,8.72,9.09,8.123386,40400
2015-09-28,9.09,9.16,8.86,9.12,8.150198,69300
2015-09-29,9.12,9.2,8.91,9.0,8.042958,35400
2015-09-30,9.1,9.15,8.99,9.06,8.09658,30400
2015-10-01,9.05,9.14,8.81,9.1,8.132324,42000
2015-10-02,9.05,9.95,8.9,9.93,8.874063,123800
2015-10-05,9.68,10.46,9.51,10.19,9.106416000000001,164500
2015-10-06,10.12,10.16,9.79,9.99,8.927681,92400
2015-10-07,10.0,10.15,9.88,10.02,8.954493,46200
2015-10-08,10.02,10.09,9.9,10.0,8.93662,79900
2015-10-09,9.91,10.2,9.7,9.99,8.927681,37900
2015-10-12,10.0,10.08,9.61,9.96,8.900872,20100
2015-10-13,9.98,10.08,9.85,9.99,8.927681,28000
2015-10-14,10.03,10.3,9.51,9.69,8.659585,77900
2015-10-15,9.56,9.63,9.1,9.19,8.212753999999999,79900
2015-10-16,9.13,9.29,8.58,9.19,8.212753999999999,38400
2015-10-19,9.14,9.46,8.95,9.35,8.355741,29600
2015-10-20,9.35,9.95,9.35,9.88,8.82938,35700
2015-10-21,9.92,10.0,9.5,9.64,8.614902,36700
2015-10-22,9.65,9.74,9.5,9.65,8.623837,17800
2015-10-23,9.7,10.0,9.55,9.74,8.704267999999999,19000
2015-10-26,9.8,9.8,9.56,9.57,8.552342999999999,16800
2015-10-27,9.65,9.78,9.46,9.69,8.659585,36700
2015-10-28,9.68,9.95,9.58,9.82,8.77576,20200
2015-10-29,9.81,10.07,9.81,9.92,8.865127000000001,14400
2015-10-30,9.96,10.0,9.56,9.57,8.552342999999999,13100
2015-11-02,9.69,9.91,9.61,9.84,8.793633,10700
2015-11-03,9.84,10.14,9.84,10.04,8.972366000000001,40900
2015-11-04,10.04,10.19,9.83,9.94,8.882999,51200
2015-11-05,9.61,10.0,9.61,9.8,8.757887,21300
2015-11-06,9.34,9.34,8.5,9.07,8.105514,123900
2015-11-09,9.18,9.4,8.91,9.12,8.150198,24400
2015-11-10,9.13,9.33,9.03,9.28,8.293182,31400
2015-11-11,9.23,9.26,8.88,8.98,8.025083,74900
2015-11-12,9.0,9.32,8.83,9.06,8.09658,50700
2015-11-13,9.08,9.16,8.85,9.09,8.123386,19200
2015-11-16,9.01,9.34,8.81,8.88,7.935719000000001,23800
2015-11-17,8.93,8.99,8.8,8.88,7.935719000000001,10200
2015-11-18,8.9,8.91,8.65,8.7,7.845538,21000
2015-11-19,8.62,8.74,8.26,8.26,7.448752000000001,54400
2015-11-20,8.2,8.64,8.2,8.6,7.755361,20100
2015-11-23,8.49,8.91,8.48,8.78,7.917682000000001,29700
2015-11-24,8.78,8.88,8.61,8.7,7.845538,7200
2015-11-25,8.72,8.91,8.6,8.78,7.917682000000001,6700
2015-11-27,8.8,8.89,8.72,8.8,7.9357169999999995,2800
2015-11-30,8.82,8.89,8.62,8.85,7.980808000000001,21400
2015-12-01,8.89,9.21,8.65,9.21,8.305451,25600
2015-12-02,9.11,9.29,9.11,9.21,8.305451,8500
2015-12-03,9.19,9.23,9.01,9.08,8.188217999999999,8200
2015-12-04,8.68,9.19,8.68,9.13,8.233309,10600
2015-12-07,9.17,9.22,9.09,9.12,8.22429,14900
2015-12-08,9.03,9.13,8.97,9.05,8.161162,3500
2015-12-09,9.14,9.14,8.95,8.97,8.089021,9000
2015-12-10,8.97,9.13,8.76,9.02,8.134111,9700
2015-12-11,8.69,8.98,8.61,8.73,7.872592999999999,9200
2015-12-14,8.8,8.81,8.6,8.76,7.899645,17300
2015-12-15,8.89,8.89,8.39,8.44,7.611075,18000
2015-12-16,8.45,8.48,7.95,8.34,7.520897,75500
2015-12-17,8.33,8.64,8.24,8.48,7.647146,14400
2015-12-18,8.51,8.51,8.3,8.41,7.584021000000001,7000
2015-12-21,8.32,8.44,8.28,8.31,7.493844,4700
2015-12-22,8.3,8.31,8.16,8.3,7.484825999999999,13200
2015-12-23,8.26,8.75,8.26,8.73,7.872592999999999,27200
2015-12-24,8.73,8.95,8.51,8.95,8.070986,9500
2015-12-28,8.88,9.03,8.71,8.85,7.980808000000001,16400
2015-12-29,8.65,9.05,8.61,8.78,7.917682000000001,17300
2015-12-30,8.71,8.77,8.35,8.37,7.547950999999999,31600
2015-12-31,8.45,8.73,8.39,8.59,7.7463429999999995,24100
2016-01-04,8.74,9.2,8.6,9.13,8.233309,59200
2016-01-05,9.2,9.4,8.86,9.38,8.458755,21500
2016-01-06,9.31,9.44,8.94,9.2,8.296432000000001,14800
2016-01-07,9.0,9.0,8.76,8.85,7.980808000000001,20200
2016-01-08,8.9,9.06,8.79,8.88,8.007862,19400
2016-01-11,8.71,8.9,8.13,8.16,7.358574000000001,69700
2016-01-12,8.25,8.25,7.97,8.11,7.313484,11600
2016-01-13,8.11,8.11,7.67,7.95,7.1692,35400
2016-01-14,7.87,8.25,7.87,8.13,7.3315220000000005,10900
2016-01-15,7.95,7.95,7.8,7.83,7.0609850000000005,13600
2016-01-19,7.98,8.09,7.6,7.74,6.979824000000001,10300
2016-01-20,7.63,7.9,7.58,7.83,7.0609850000000005,15600
2016-01-21,7.99,8.19,7.71,7.81,7.04295,10500
2016-01-22,7.88,7.99,7.78,7.94,7.160182000000001,11700
2016-01-25,8.09,8.09,7.74,7.74,6.979824000000001,11500
2016-01-26,7.7,7.85,7.6,7.68,6.925717999999999,21500
2016-01-27,7.7,7.71,7.37,7.51,6.772414,49700
2016-01-28,7.5,7.65,7.49,7.56,6.817502,55800
2016-01-29,7.5,8.04,7.5,7.73,6.970807000000001,15400
2016-02-01,7.77,7.77,7.51,7.56,6.817502,13800
2016-02-02,7.6,7.89,7.51,7.57,6.8265199999999995,16600
2016-02-03,7.79,7.79,7.56,7.62,6.87161,9700
2016-02-04,7.77,7.77,7.49,7.5,6.763396000000001,19300
2016-02-05,7.52,7.69,7.25,7.41,6.682235,33600
2016-02-08,7.41,7.41,6.9,7.2,6.49286,16700
2016-02-09,7.04,7.19,6.97,7.13,6.429735,25100
2016-02-10,7.1,7.31,6.99,6.99,6.303485,5300
2016-02-11,6.99,7.2,6.82,6.91,6.231342,6900
2016-02-12,6.55,7.04,6.55,6.87,6.195271,9000
2016-02-16,6.91,7.08,6.83,6.99,6.303485,15700
2016-02-17,6.98,7.16,6.96,7.07,6.4494419999999995,27800
2016-02-18,7.17,7.17,7.0,7.06,6.440319000000001,2700
2016-02-19,6.98,7.08,6.95,7.06,6.440319000000001,3800
2016-02-22,7.07,7.1,7.0,7.02,6.40383,10000
2016-02-23,6.95,7.02,6.95,6.99,6.376464,5900
2016-02-24,6.99,7.22,6.99,7.22,6.586276,9000
2016-02-25,7.06,7.4,7.05,7.17,6.540664,5200
2016-02-26,7.49,7.49,7.14,7.41,6.759599000000001,3600
2016-02-29,7.43,7.56,7.24,7.24,6.60452,23300
2016-03-01,7.27,7.91,7.26,7.49,6.8325759999999995,85200
2016-03-02,7.51,7.83,7.47,7.74,7.060633,17300
2016-03-03,7.88,7.88,7.65,7.7,7.024145,13700
2016-03-04,7.2,8.01,7.03,7.52,6.8599440000000005,92600
2016-03-07,7.45,7.5,7.31,7.36,6.7139869999999995,15700
2016-03-08,7.35,7.54,7.24,7.45,6.796088,12600
2016-03-09,7.39,7.87,7.39,7.57,6.9055550000000006,70500
2016-03-10,7.6,7.73,7.48,7.69,7.015022,14600
2016-03-11,7.71,7.98,7.71,7.98,7.279567999999999,76700
2016-03-14,7.91,8.16,7.9,8.11,7.398155,15900
2016-03-15,8.13,8.51,7.93,8.26,7.53499,12900
2016-03-16,8.18,8.5,7.84,8.38,7.644458,16600
2016-03-17,8.35,8.74,8.2,8.71,7.945494,46200
2016-03-18,8.74,8.89,8.65,8.68,7.918127,16000
2016-03-21,8.75,8.88,8.5,8.6,7.845149,18800
2016-03-22,8.43,8.52,8.04,8.23,7.507623,21600
2016-03-23,8.07,8.34,8.04,8.21,7.489381,18900
2016-03-24,8.09,8.18,7.98,8.06,7.352546,9000
2016-03-28,8.03,8.46,8.03,8.32,7.589725,18600
2016-03-29,8.24,8.37,8.02,8.19,7.471135,14400
2016-03-30,8.25,8.44,8.19,8.19,7.471135,7000
2016-03-31,8.51,8.51,8.12,8.14,7.425524,19200
2016-04-01,8.39,8.42,8.17,8.42,7.6809460000000005,6600
2016-04-04,8.4,8.78,8.4,8.42,7.6809460000000005,9700
2016-04-05,8.49,8.65,8.43,8.58,7.826903,13900
2016-04-06,8.69,8.69,8.4,8.47,7.726559,10400
2016-04-07,8.44,8.63,7.8,7.92,7.2248339999999995,36200
2016-04-08,7.97,8.26,7.89,7.96,7.261322,6400
2016-04-11,8.03,8.37,8.03,8.2,7.480257000000001,6800
2016-04-12,8.08,8.32,8.08,8.3,7.5714809999999995,7100
2016-04-13,8.05,8.4,8.05,8.23,7.507623,16100
2016-04-14,8.3,8.46,8.3,8.46,7.717436,7500
2016-04-15,8.36,8.49,8.21,8.23,7.507623,7500
2016-04-18,8.18,8.37,8.17,8.25,7.525869,13200
2016-04-19,8.39,8.39,8.28,8.34,7.60797,10200
2016-04-20,8.29,8.75,8.25,8.53,7.781289999999999,118700
2016-04-21,8.59,8.7,8.5,8.54,7.790413,13600
2016-04-22,8.6,8.98,8.6,8.88,8.100571,41800
2016-04-25,8.95,8.96,8.74,8.85,8.073205,8100
2016-04-26,8.85,8.87,8.74,8.86,8.082326,5000
2016-04-27,8.65,8.89,8.64,8.75,7.9819830000000005,15200
2016-04-28,8.66,8.96,8.54,8.64,7.881637,18000
2016-04-29,8.67,8.87,8.67,8.71,7.945494,4500
2016-05-02,8.75,8.83,8.53,8.67,7.9090039999999995,11000
2016-05-03,8.58,8.81,8.58,8.72,7.9546149999999995,11100
2016-05-04,8.73,8.95,8.65,8.73,7.963736999999999,12400
2016-05-05,8.39,8.5,7.56,8.02,7.316056,79100
2016-05-06,7.93,8.13,7.85,7.99,7.288689,8200
2016-05-09,7.89,8.25,7.89,8.18,7.462013000000001,9500
2016-05-10,8.15,8.16,7.84,8.05,7.343422,23000
2016-05-11,8.04,8.18,8.01,8.01,7.306935,13400
2016-05-12,7.98,8.09,7.85,7.9,7.206589999999999,13600
2016-05-13,8.04,8.05,7.78,7.78,7.097122,14700
2016-05-16,7.77,7.95,7.77,7.8,7.115366000000001,11200
2016-05-17,7.82,7.86,7.62,7.65,6.9785330000000005,11600
2016-05-18,7.57,7.65,7.3,7.48,6.8955649999999995,38700
2016-05-19,7.46,7.46,7.25,7.33,6.757285,21100
2016-05-20,7.25,7.39,7.23,7.26,6.692753999999999,32800
2016-05-23,7.09,7.63,7.09,7.52,6.93244,12200
2016-05-24,7.52,7.75,7.52,7.57,6.9785330000000005,14200
2016-05-25,7.26,7.6,7.26,7.48,6.8955649999999995,13800
2016-05-26,7.51,7.62,7.48,7.5,6.914003,4500
2016-05-27,7.57,7.79,7.48,7.49,6.904783,25300
2016-05-31,7.51,7.66,7.38,7.44,6.858689999999999,37100
2016-06-01,7.44,7.49,7.37,7.42,6.840252,13900
2016-06-02,7.35,7.38,7.23,7.29,6.72041,27300
2016-06-03,7.3,7.3,7.16,7.16,6.600567999999999,10400
2016-06-06,7.15,7.23,7.01,7.21,6.646660000000001,43400
2016-06-07,7.2,7.2,7.04,7.06,6.508380000000001,37000
2016-06-08,7.09,7.1,7.01,7.02,6.471506,16700
2016-06-09,7.02,7.11,7.02,7.03,6.4807239999999995,19400
2016-06-10,7.01,7.02,6.76,6.76,6.23182,39100
2016-06-13,6.76,6.76,6.64,6.64,6.121197,23000
2016-06-14,6.6,6.68,6.43,6.62,6.102759,57900
2016-06-15,6.67,7.07,6.67,6.89,6.351662999999999,33700
2016-06-16,6.92,7.23,6.92,6.96,6.416194,31500
2016-06-17,7.2,7.29,6.9,7.19,6.628222999999999,17500
2016-06-20,7.19,7.44,7.03,7.24,6.674316999999999,21000
2016-06-21,7.24,7.53,7.24,7.34,6.766503,16700
2016-06-22,7.31,7.64,7.08,7.41,6.831034,21800
2016-06-23,7.73,7.73,7.36,7.63,7.0338449999999995,16800
2016-06-24,7.37,7.49,7.14,7.32,6.748066000000001,23800
2016-06-27,7.47,7.49,7.31,7.47,6.8863460000000005,18500
2016-06-28,7.5,7.65,7.28,7.65,7.052282000000001,27700
2016-06-29,7.75,7.76,7.65,7.75,7.144469,10300
2016-06-30,7.9,8.05,7.79,8.02,7.3933729999999995,26300
2016-07-01,7.35,8.23,7.35,7.84,7.227436999999999,10800
2016-07-05,7.87,8.06,7.87,7.95,7.328842,21900
2016-07-06,7.89,8.21,7.74,8.12,7.48556,25400
2016-07-07,8.06,8.16,7.94,8.09,7.457903,20600
2016-07-08,8.24,8.24,8.08,8.11,7.476339,2600
2016-07-11,8.03,8.15,7.96,8.12,7.48556,10200
2016-07-12,8.07,8.24,7.94,8.16,7.522433,13600
2016-07-13,8.16,8.17,8.01,8.01,7.384155000000001,7700
2016-07-14,8.08,8.18,7.92,8.1,7.467123,8400
2016-07-15,8.05,8.1,8.01,8.04,7.411810000000001,11500
2016-07-18,8.09,8.09,8.0,8.01,7.384155000000001,2800
2016-07-19,7.93,8.05,7.93,8.0,7.374935000000001,6700
2016-07-20,7.92,8.01,7.85,8.0,7.374935000000001,6800
2016-07-21,7.84,7.95,7.58,7.95,7.328842,11800
2016-07-22,7.88,7.9,7.88,7.89,7.27353,1400
2016-07-25,7.82,7.82,7.6,7.64,7.043063,19600
2016-07-26,7.62,7.82,7.51,7.68,7.079938,13200
2016-07-27,7.44,7.85,7.44,7.65,7.052282000000001,8500
2016-07-28,7.61,7.74,7.61,7.71,7.107594000000001,3300
2016-07-29,7.65,7.78,7.57,7.66,7.061501,12100
2016-08-01,7.66,7.74,7.66,7.7,7.098375999999999,10500
2016-08-02,7.73,7.73,7.56,7.7,7.098375999999999,6800
2016-08-03,7.94,7.94,7.62,7.67,7.07072,800
2016-08-04,7.7,7.71,7.55,7.57,6.9785330000000005,8300
2016-08-05,7.38,7.78,7.38,7.59,6.99697,14700
2016-08-08,7.93,7.93,7.41,7.6,7.006188000000001,10100
2016-08-09,7.6,7.6,7.47,7.53,6.941658,10100
2016-08-10,7.53,7.53,7.43,7.53,6.941658,4700
2016-08-11,7.55,7.55,7.45,7.55,6.960094000000001,4200
2016-08-12,7.6,7.7,7.56,7.58,6.987750999999999,31700
2016-08-15,7.55,7.56,7.4,7.5,6.914003,17600
2016-08-16,7.46,7.58,7.41,7.55,6.960094000000001,25300
2016-08-17,7.45,7.45,7.38,7.44,6.932142999999999,6000
2016-08-18,7.41,7.5,7.41,7.5,6.988047999999999,16600
2016-08-19,7.42,7.56,7.42,7.56,7.043952,11400
2016-08-22,7.56,7.68,7.51,7.61,7.090539,12600
2016-08-23,7.6,7.6,7.5,7.55,7.034634,19300
2016-08-24,7.74,7.91,7.55,7.81,7.276886999999999,59000
2016-08-25,7.63,7.82,7.63,7.73,7.2023470000000005,27300
2016-08-26,7.74,7.87,7.51,7.81,7.276886999999999,11000
2016-08-29,7.99,7.99,7.6,7.62,7.099856,1400
2016-08-30,7.63,7.63,7.36,7.46,6.950778,4000
2016-08-31,7.68,7.74,7.5,7.54,7.025317,6900
2016-09-01,7.5,7.53,7.4,7.47,6.960095,6500
2016-09-02,7.41,7.5,7.41,7.5,6.988047999999999,1000
2016-09-06,7.8,8.0,7.46,7.72,7.19303,62700
2016-09-07,7.67,7.8,7.57,7.6,7.081222,10000
2016-09-08,7.7,7.7,7.5,7.51,6.997364999999999,7300
2016-09-09,7.5,7.55,7.3,7.34,6.8389690000000005,12400
2016-09-12,7.28,7.28,7.22,7.28,6.7830639999999995,25500
2016-09-13,7.67,7.82,7.19,7.19,6.6992080000000005,6500
2016-09-14,7.58,7.58,7.19,7.22,6.7271600000000005,21000
2016-09-15,7.32,7.47,7.24,7.28,6.7830639999999995,9500
2016-09-16,7.29,7.3,7.23,7.25,6.755113000000001,30500
2016-09-19,7.28,7.28,7.26,7.27,6.773747,3000
2016-09-20,7.28,7.28,7.2,7.2,6.708525999999999,6600
2016-09-21,7.2,7.75,7.2,7.4,6.894874000000001,2500
2016-09-22,7.55,7.55,7.44,7.46,6.950778,2700
2016-09-23,7.47,7.5,7.4,7.4,6.894874000000001,6400
2016-09-26,7.33,7.38,7.33,7.38,6.876239,5600
2016-09-27,7.45,7.45,7.29,7.31,6.811017,7000
2016-09-28,7.38,7.38,7.32,7.32,6.820334,6000
2016-09-29,7.44,7.44,7.35,7.36,6.857603999999999,2300
2016-09-30,7.48,7.49,7.3,7.48,6.969413,2300
2016-10-03,7.41,7.42,7.3,7.32,6.820334,8200
2016-10-04,7.26,7.5,7.25,7.31,6.811017,10800
2016-10-05,7.39,7.39,7.29,7.31,6.811017,3300
2016-10-06,7.27,7.37,7.27,7.27,6.773747,3700
2016-10-07,7.27,7.29,7.23,7.26,6.764431,6100
2016-10-10,7.22,7.26,7.22,7.25,6.755113000000001,4400
2016-10-11,7.25,7.25,7.15,7.16,6.671256,3800
2016-10-12,7.23,7.23,7.21,7.21,6.717844,1100
2016-10-13,7.17,7.24,7.17,7.17,6.680573,2100
2016-10-14,7.2,7.2,7.2,7.2,6.708525999999999,700
2016-10-17,7.15,7.2,7.15,7.16,6.671256,1400
2016-10-18,7.2,7.2,7.1,7.1,6.6153509999999995,3100
2016-10-19,7.1,7.1,7.09,7.1,6.6153509999999995,2100
2016-10-20,7.06,7.1,7.06,7.09,6.606035,1400
2016-10-21,7.07,7.1,7.05,7.05,6.568764999999999,2600
2016-10-24,7.05,7.05,7.0,7.0,6.522178,3700
2016-10-25,7.0,7.0,7.0,7.0,6.522178,1700
2016-10-26,7.05,7.05,7.0,7.0,6.522178,2400
2016-10-27,7.1,7.1,7.0,7.0,6.522178,1200
2016-10-28,6.95,7.1,6.95,7.1,6.6153509999999995,5100
2016-10-31,7.15,7.25,7.05,7.2,6.708525999999999,3700
2016-11-01,7.15,7.2,7.05,7.15,6.661938,5900
2016-11-02,7.15,7.16,7.05,7.05,6.568764999999999,4500
2016-11-03,7.25,7.35,6.35,6.5,6.0563080000000005,57600
2016-11-04,6.6,6.8,6.55,6.55,6.102894999999999,4900
2016-11-07,6.6,6.8,6.55,6.7,6.242655,12500
2016-11-08,6.89,6.89,6.35,6.35,5.9165470000000004,14600
2016-11-09,6.15,6.55,6.13,6.55,6.102894999999999,22800
2016-11-10,6.55,6.68,6.0,6.25,5.823373,165900
2016-11-11,6.25,6.3,5.9,6.2,5.776785,47800
2016-11-14,6.25,6.5,6.05,6.45,6.009721,53900
2016-11-15,6.4,6.7,6.2,6.6,6.149481,105700
2016-11-16,6.7,6.7,6.45,6.6,6.149481,61600
2016-11-17,6.5,6.8,6.5,6.6,6.2249360000000005,52500
2016-11-18,6.55,6.7,6.35,6.45,6.08346,28200
2016-11-21,6.5,6.7,6.45,6.6,6.2249360000000005,41400
2016-11-22,6.6,6.7,6.54,6.65,6.272094,39900
2016-11-23,6.61,6.7,6.55,6.6,6.2249360000000005,46100
2016-11-25,6.6,6.76,6.4,6.4,6.036301,9500
2016-11-28,6.45,6.45,6.1,6.15,5.800508,23900
2016-11-29,6.15,6.5,6.0,6.35,5.989142,11500
2016-11-30,6.45,6.45,6.2,6.35,5.989142,15000
2016-12-01,6.3,6.4,6.2,6.2,5.8476669999999995,12200
2016-12-02,6.1,6.2,6.05,6.1,5.75335,15300
2016-12-05,6.2,6.4,6.18,6.4,6.036301,10700
2016-12-06,6.35,6.35,6.15,6.15,5.800508,16100
2016-12-07,6.35,6.35,6.1,6.15,5.800508,9700
2016-12-08,6.19,6.25,6.15,6.2,5.8476669999999995,30200
2016-12-09,6.25,6.35,6.25,6.35,5.989142,7700
2016-12-12,6.3,6.7,6.3,6.55,6.177777,35300
2016-12-13,6.35,6.35,6.15,6.3,5.941984,27700
2016-12-14,6.35,6.5,6.35,6.5,6.130619,14800
2016-12-15,6.55,6.95,6.4,6.55,6.177777,9400
2016-12-16,6.7,6.75,6.6,6.6,6.2249360000000005,4700
2016-12-19,6.45,6.6,6.4,6.6,6.2249360000000005,9700
2016-12-20,6.6,6.65,6.6,6.6,6.2249360000000005,14300
2016-12-21,6.61,6.7,6.56,6.65,6.272094,12500
2016-12-22,6.65,6.8,6.65,6.8,6.41357,12500
2016-12-23,6.8,6.95,6.75,6.85,6.460728,20400
2016-12-27,6.8,7.0,6.65,6.85,6.460728,11400
2016-12-28,6.75,6.9,6.7,6.75,6.366412,5800
2016-12-29,6.7,6.8,6.56,6.65,6.272094,1300
2016-12-30,6.6,6.8,6.5,6.6,6.2249360000000005,12900
2017-01-03,6.43,6.7,6.43,6.7,6.319252,6100
2017-01-04,6.72,6.85,6.72,6.75,6.366412,8700
2017-01-05,6.75,6.8,6.7,6.75,6.366412,2400
2017-01-06,6.95,7.15,6.95,7.15,6.74368,59500
2017-01-09,7.2,7.3,7.17,7.25,6.837998,10800
2017-01-10,7.3,7.45,7.13,7.33,6.913450999999999,11200
2017-01-11,7.3,7.3,7.1,7.1,6.696521000000001,2200
2017-01-12,7.19,7.19,6.75,6.95,6.555046000000001,22600
2017-01-13,6.9,7.03,6.9,6.95,6.555046000000001,3900
2017-01-17,6.9,7.0,6.9,6.95,6.555046000000001,5600
2017-01-18,6.95,7.0,6.85,6.95,6.555046000000001,6400
2017-01-19,6.91,7.0,6.91,7.0,6.6022050000000005,300
2017-01-20,7.0,7.0,6.85,6.95,6.555046000000001,4300
2017-01-23,6.95,7.0,6.95,7.0,6.6022050000000005,4300
2017-01-24,7.05,7.05,7.0,7.0,6.6022050000000005,4300
2017-01-25,6.94,7.05,6.94,7.05,6.649364,4600
2017-01-26,6.85,6.93,6.85,6.92,6.526751,1200
2017-01-27,6.95,7.0,6.91,7.0,6.6022050000000005,1900
2017-01-30,6.9,7.0,6.85,6.95,6.555046000000001,6500
2017-01-31,6.95,7.0,6.9,6.9,6.507887,6600
2017-02-01,7.0,7.05,6.9,6.9,6.507887,5800
2017-02-02,6.9,6.95,6.9,6.95,6.555046000000001,500
2017-02-03,6.95,7.0,6.92,6.98,6.583341000000001,2600
2017-02-06,6.95,7.1,6.95,7.05,6.649364,3700
2017-02-07,6.94,7.0,6.94,6.98,6.583341000000001,1200
2017-02-08,7.05,7.05,6.98,6.98,6.583341000000001,900
2017-02-09,7.0,7.05,7.0,7.01,6.611636999999999,6500
2017-02-10,7.1,7.1,7.02,7.02,6.621067999999999,1600
2017-02-13,7.05,7.2,7.05,7.2,6.790839,2600
2017-02-14,7.2,7.2,7.18,7.18,6.7719759999999996,600
2017-02-15,7.15,7.2,7.1,7.2,6.867355,5500
2017-02-16,6.97,7.04,6.9,6.9,6.581214999999999,900
2017-02-17,7.0,7.1,6.85,7.1,6.7719759999999996,1800
2017-02-21,7.1,7.2,7.1,7.15,6.819665,7300
2017-02-22,7.15,7.16,7.15,7.15,6.819665,900
2017-02-23,7.21,7.21,7.1,7.13,6.80059,6900
2017-02-24,7.1,7.4,7.1,7.35,7.010426,14400
2017-02-27,7.3,7.5,7.22,7.5,7.1534960000000005,10600
2017-02-28,7.4,7.5,7.4,7.4,7.058114999999999,20500
2017-03-01,7.35,7.35,7.25,7.25,6.915046,9300
2017-03-02,7.25,7.28,7.05,7.15,6.819665,4300
2017-03-03,7.05,7.05,6.81,6.88,6.562139999999999,10500
2017-03-06,6.9,6.9,6.8,6.85,6.533525,2000
2017-03-07,6.9,6.9,6.82,6.9,6.581214999999999,900
2017-03-08,6.95,6.95,6.8,6.9,6.581214999999999,2000
2017-03-09,7.95,7.95,7.33,7.8,7.439635000000001,67000
2017-03-10,7.75,8.0,7.65,7.9,7.535015,60400
2017-03-13,8.0,8.35,7.84,8.2,7.821153999999999,79900
2017-03-14,8.05,8.3,7.9,8.25,7.868844999999999,33800
2017-03-15,8.3,8.4,8.26,8.3,7.9165350000000005,12100
2017-03-16,8.44,8.7,8.38,8.4,8.011913999999999,46400
2017-03-17,8.45,8.57,8.3,8.3,7.9165350000000005,14000
2017-03-20,8.35,8.45,8.2,8.32,7.9356100000000005,19600
2017-03-21,8.25,8.25,8.0,8.15,7.773465,11100
2017-03-22,8.25,8.25,8.1,8.1,7.725775,33600
2017-03-23,8.1,8.2,7.95,8.2,7.821153999999999,12500
2017-03-24,8.1,8.25,8.1,8.15,7.773465,7200
2017-03-27,8.15,8.25,8.15,8.15,7.773465,1400
2017-03-28,8.19,8.25,8.1,8.1,7.725775,8300
2017-03-29,8.25,8.4,8.2,8.3,7.9165350000000005,6900
2017-03-30,8.35,8.5,8.2,8.2,7.821153999999999,7200
2017-03-31,8.28,8.35,8.1,8.1,7.725775,22700
2017-04-03,8.15,8.15,8.05,8.05,7.678085,11500
2017-04-04,8.1,8.15,8.0,8.05,7.678085,13400
2017-04-05,8.03,8.15,7.95,8.0,7.630395,44400
2017-04-06,8.0,8.15,8.0,8.15,7.773465,4200
2017-04-07,8.05,8.2,7.9,7.9,7.535015,15800
2017-04-10,7.9,8.2,7.9,8.05,7.678085,1900
2017-04-11,8.1,8.25,8.05,8.2,7.821153999999999,2800
2017-04-12,8.25,8.49,8.25,8.45,8.059604,4800
2017-04-13,8.38,8.38,8.25,8.25,7.868844999999999,2900
2017-04-17,8.2,8.35,8.15,8.35,7.964224000000001,25700
2017-04-18,8.35,8.35,8.3,8.3,7.9165350000000005,1500
2017-04-19,8.4,8.4,8.3,8.35,7.964224000000001,9300
2017-04-20,8.35,8.46,8.3,8.35,7.964224000000001,9200
2017-04-21,8.25,8.5,8.25,8.5,8.107295,8900
2017-04-24,8.55,8.8,8.35,8.45,8.059604,5200
2017-04-25,8.4,8.6,8.37,8.6,8.202675,8800
2017-04-26,8.2,8.6,8.2,8.55,8.154983999999999,4700
2017-04-27,8.5,8.6,8.45,8.55,8.154983999999999,2800
2017-04-28,8.5,8.8,8.49,8.75,8.345744999999999,11000
2017-05-01,8.8,9.2,8.8,9.15,8.727264,42300
2017-05-02,9.05,9.2,9.05,9.1,8.679575999999999,16900
2017-05-03,9.05,9.15,9.05,9.07,8.650959,5500
2017-05-04,9.4,9.4,8.83,8.85,8.441125,18100
2017-05-05,8.75,8.94,8.6,8.6,8.202675,3800
2017-05-08,9.01,9.15,8.72,8.85,8.441125,13200
2017-05-09,8.9,8.95,8.8,8.8,8.393434,2200
2017-05-10,8.9,8.9,8.4,8.43,8.040528,26600
2017-05-11,8.5,8.75,8.48,8.5,8.107295,10200
2017-05-12,8.55,8.55,8.35,8.35,7.964224000000001,24500
2017-05-15,8.35,9.0,8.35,8.45,8.059604,8700
2017-05-16,8.5,8.5,8.43,8.45,8.059604,7800
2017-05-17,8.35,8.35,8.25,8.25,7.953557000000001,21600
2017-05-18,8.25,8.35,8.24,8.35,8.049964,9800
2017-05-19,8.3,8.35,8.3,8.35,8.049964,5300
2017-05-22,8.35,8.36,8.3,8.3,8.00176,4300
2017-05-23,8.4,8.4,8.3,8.35,8.049964,6700
2017-05-24,8.49,8.5,8.4,8.4,8.098166,8200
2017-05-25,8.59,8.65,8.4,8.45,8.14637,4800
2017-05-26,8.45,8.65,8.45,8.55,8.242777,9400
2017-05-30,8.5,8.55,8.41,8.5,8.194573,5400
2017-05-31,8.52,8.6,8.5,8.55,8.242777,2900
2017-06-01,8.5,8.7,8.5,8.6,8.290981,10200
2017-06-02,8.6,8.76,8.6,8.75,8.435592,4200
2017-06-05,8.8,8.85,8.75,8.75,8.435592,6000
2017-06-06,8.66,8.66,8.5,8.5,8.194573,8000
2017-06-07,8.45,8.63,8.45,8.55,8.242777,14100
2017-06-08,8.53,8.6,8.4,8.45,8.14637,13100
2017-06-09,8.4,8.55,8.15,8.4,8.098166,28200
2017-06-12,8.4,8.5,8.4,8.45,8.14637,19600
2017-06-13,8.55,8.55,8.45,8.5,8.194573,36000
2017-06-14,8.6,8.75,8.45,8.75,8.435592,10700
2017-06-15,8.75,8.8,8.55,8.7,8.387387,12800
2017-06-16,8.65,8.95,8.6,8.7,8.387387,8500
2017-06-19,8.7,8.75,8.61,8.65,8.339184,4400
2017-06-20,8.6,8.85,8.2,8.57,8.262058999999999,4700
2017-06-21,8.5,8.55,8.4,8.55,8.242777,3800
2017-06-22,8.54,8.55,8.35,8.35,8.049964,4800
2017-06-23,8.5,8.6,8.5,8.6,8.290981,4800
2017-06-26,8.6,8.75,8.5,8.55,8.242777,4900
2017-06-27,8.5,8.7,8.5,8.55,8.242777,13400
2017-06-28,8.5,8.6,8.4,8.4,8.098166,14900
2017-06-29,8.5,8.55,8.45,8.45,8.14637,9200
2017-06-30,8.48,8.55,8.45,8.45,8.14637,7000
2017-07-03,8.45,8.7,8.45,8.55,8.242777,2800
2017-07-05,8.5,8.55,8.45,8.5,8.194573,7900
2017-07-06,8.45,8.45,8.4,8.45,8.14637,2200
2017-07-07,8.45,9.0,8.35,8.9,8.580200999999999,17800
2017-07-10,8.8,8.99,8.7,8.9,8.580200999999999,8700
2017-07-11,8.95,8.95,8.8,8.85,8.531998,12900
2017-07-12,8.9,8.9,8.75,8.8,8.483794,5300
2017-07-13,8.85,8.85,8.7,8.8,8.483794,5300
2017-07-14,8.75,8.85,8.65,8.85,8.531998,4300
2017-07-17,8.85,8.87,8.7,8.75,8.435592,3700
2017-07-18,8.8,9.0,8.8,8.95,8.628405,3900
2017-07-19,8.8,9.05,8.8,9.01,8.686247999999999,36800
2017-07-20,9.0,9.0,8.8,8.8,8.483794,7300
2017-07-21,8.81,8.9,8.7,8.85,8.531998,13600
2017-07-24,8.9,8.95,8.85,8.95,8.628405,5300
2017-07-25,8.8,8.95,8.7,8.7,8.387387,5200
2017-07-26,8.75,8.9,8.75,8.9,8.580200999999999,1200
2017-07-27,8.8,8.8,8.6,8.61,8.300622,6800
2017-07-28,8.65,8.67,8.41,8.65,8.339184,6000
2017-07-31,8.75,8.9,8.51,8.85,8.531998,11600
2017-08-01,8.85,8.9,8.8,8.9,8.580200999999999,6600
2017-08-02,8.9,8.9,8.7,8.8,8.483794,4300
2017-08-03,8.8,9.0,8.7,8.7,8.387387,9300
2017-08-04,8.7,9.2,8.7,9.2,8.86942,41600
2017-08-07,9.2,9.7,9.0,9.7,9.351455999999999,43900
2017-08-08,9.75,9.8,9.5,9.5,9.158643,22500
2017-08-09,9.5,10.25,9.5,10.2,9.833488000000001,27000
2017-08-10,10.25,10.35,9.4,9.5,9.158643,35200
2017-08-11,9.61,9.81,9.5,9.7,9.351455999999999,23700
2017-08-14,9.85,10.01,9.8,10.0,9.640675,24000
2017-08-15,10.05,10.05,9.8,9.85,9.496066,8400
2017-08-16,9.85,9.9,9.7,9.7,9.351455999999999,16500
2017-08-17,9.65,9.8,9.6,9.69,9.429302,9200
2017-08-18,9.75,9.85,9.7,9.8,9.536344999999999,11200
2017-08-21,9.85,9.85,9.72,9.8,9.536344999999999,19600
2017-08-22,9.9,10.25,9.8,10.25,9.974236,37900
2017-08-23,10.25,10.45,10.15,10.43,10.149395,29000
2017-08-24,10.5,10.5,10.1,10.1,9.828272,25200
2017-08-25,10.2,10.2,10.0,10.1,9.828272,4600
2017-08-28,10.25,10.25,10.1,10.15,9.876926,15000
2017-08-29,10.2,10.4,9.6,9.7,9.439034,24700
2017-08-30,9.85,9.85,9.71,9.8,9.536344999999999,6200
2017-08-31,9.85,10.0,9.65,9.75,9.487689,3300
2017-09-01,9.75,9.9,9.75,9.8,9.536344999999999,3800
2017-09-05,9.8,9.85,9.72,9.75,9.487689,9500
2017-09-06,9.8,9.8,9.45,9.45,9.195758999999999,16300
2017-09-07,9.4,9.6,8.75,9.5,9.244415,15500
2017-09-08,9.3,9.65,9.3,9.5,9.244415,4100
2017-09-11,9.5,9.85,9.43,9.55,9.29307,10500
2017-09-12,9.55,9.6,9.45,9.45,9.195758999999999,5600
2017-09-13,9.4,9.75,9.4,9.45,9.195758999999999,10800
2017-09-14,9.4,9.5,9.3,9.3,9.049795,6100
2017-09-15,9.25,9.38,9.05,9.25,9.00114,26900
2017-09-18,9.4,9.65,9.25,9.6,9.341723,13500
2017-09-19,9.65,9.73,9.57,9.6,9.341723,21500
2017-09-20,9.55,9.6,9.55,9.6,9.341723,2100
2017-09-21,9.6,9.6,9.55,9.55,9.29307,4200
2017-09-22,9.55,9.9,9.55,9.8,9.536344999999999,7100
2017-09-25,9.8,9.85,9.75,9.75,9.487689,8600
2017-09-26,9.83,10.25,9.83,10.15,9.876926,16200
2017-09-27,10.3,10.3,9.8,9.8,9.536344999999999,16900
2017-09-28,9.8,9.9,9.6,9.75,9.487689,11000
2017-09-29,9.85,9.95,9.75,9.75,9.487689,7300
2017-10-02,9.85,10.0,9.81,9.95,9.682307000000002,7200
2017-10-03,9.99,10.4,9.9,9.9,9.633653,16900
2017-10-04,9.95,10.1,9.9,9.9,9.633653,11300
2017-10-05,9.95,10.2,9.8,10.0,9.730963000000001,5200
2017-10-06,9.89,9.95,9.85,9.95,9.682307000000002,2800
2017-10-09,10.05,10.6,9.95,10.6,10.314821,27900
2017-10-10,10.4,10.55,10.25,10.3,10.022892,33100
2017-10-11,10.3,10.3,9.95,9.95,9.682307000000002,5000
2017-10-12,9.9,9.9,9.65,9.65,9.390378,13500
2017-10-13,9.9,9.97,9.35,9.4,9.147103999999999,21400
2017-10-16,9.75,9.75,9.5,9.6,9.341723,35100
2017-10-17,9.5,9.65,9.4,9.55,9.29307,18400
2017-10-18,9.55,9.69,9.45,9.55,9.29307,16900
2017-10-19,9.59,9.6,9.45,9.5,9.244415,12500
2017-10-20,9.3,9.45,9.0,9.05,8.806522,51700
2017-10-23,9.05,9.25,8.8,9.05,8.806522,62300
2017-10-24,9.15,10.2,9.15,9.9,9.633653,37600
2017-10-25,9.85,9.95,9.65,9.8,9.536344999999999,9400
2017-10-26,9.7,9.72,9.4,9.65,9.390378,4000
2017-10-27,9.5,9.95,9.21,9.6,9.341723,15700
2017-10-30,9.2,9.6,9.2,9.6,9.341723,10900
2017-10-31,9.6,9.7,9.4,9.5,9.244415,14000
2017-11-01,9.6,9.8,9.6,9.8,9.536344999999999,23300
2017-11-02,11.0,12.05,11.0,11.7,11.385226,227900
2017-11-03,11.8,12.95,11.71,12.8,12.455632000000001,108600
2017-11-06,13.05,13.25,12.9,12.9,12.552941,127100
2017-11-07,12.9,14.15,12.9,13.5,13.136799,123900
2017-11-08,13.6,13.93,13.25,13.4,13.039491,18300
2017-11-09,13.4,13.52,12.83,13.0,12.650250999999999,37000
2017-11-10,12.85,13.23,12.8,12.9,12.552941,35700
2017-11-13,12.85,13.73,12.85,12.95,12.601597,27800
2017-11-14,12.8,13.95,12.69,13.65,13.282763000000001,37900
2017-11-15,13.65,14.0,12.85,13.75,13.380073999999999,47400
2017-11-16,13.75,14.4,13.7,14.3,13.915277,47400
2017-11-17,14.3,14.45,13.9,14.4,14.101335,45300
2017-11-20,14.55,15.55,14.4,15.0,14.688891,73100
2017-11-21,15.2,15.5,14.3,14.45,14.150298999999999,40500
2017-11-22,14.45,14.6,13.5,14.45,14.150298999999999,43600
2017-11-24,14.45,14.45,13.52,14.15,13.856520999999999,11600
2017-11-27,14.2,14.2,12.75,13.15,12.87726,57000
2017-11-28,13.2,13.7,12.75,13.5,13.220001000000002,55700
2017-11-29,13.7,14.45,13.7,14.15,13.856520999999999,34500
2017-11-30,14.32,14.6,13.5,13.6,13.317928,38300
2017-12-01,13.55,13.55,13.0,13.55,13.268966,26600
2017-12-04,13.05,13.15,12.58,12.65,12.387630999999999,46600
2017-12-05,12.65,13.4,12.55,13.3,13.024151,41100
2017-12-06,13.25,13.65,13.0,13.25,12.975187,19600
2017-12-07,13.35,14.05,13.25,13.5,13.220001000000002,33300
2017-12-08,13.5,13.65,13.25,13.4,13.122076000000002,47000
2017-12-11,13.45,13.85,13.3,13.65,13.36689,37000
2017-12-12,13.65,13.65,13.3,13.45,13.17104,27300
2017-12-13,13.5,13.67,13.5,13.5,13.220001000000002,25800
2017-12-14,13.6,13.72,13.2,13.3,13.024151,28400
2017-12-15,13.45,13.45,13.15,13.2,12.926225,81200
2017-12-18,13.25,13.65,12.95,13.15,12.87726,45400
2017-12-19,13.1,13.45,13.1,13.2,12.926225,15000
2017-12-20,13.2,13.6,13.15,13.15,12.87726,12000
2017-12-21,13.1,13.25,12.95,13.05,12.779337,23600
2017-12-22,13.0,13.45,13.0,13.3,13.024151,16500
2017-12-26,13.0,13.55,12.79,13.0,12.730372000000001,20800
2017-12-27,13.0,13.2,12.85,13.1,12.828299000000001,17800
2017-12-28,13.15,13.2,12.9,13.15,12.87726,11500
2017-12-29,13.15,13.45,12.95,13.25,12.975187,23200
2018-01-02,13.4,13.95,13.15,13.25,12.975187,33200
2018-01-03,13.3,13.8,13.05,13.2,12.926225,28400
2018-01-04,13.1,13.75,12.9,13.75,13.464817000000002,23600
2018-01-05,13.75,13.75,13.15,13.3,13.024151,29400
2018-01-08,13.15,13.5,12.7,13.5,13.220001000000002,62800
2018-01-09,13.5,14.15,13.42,13.8,13.513781,42600
2018-01-10,13.7,15.0,13.7,14.55,14.248225,117200
2018-01-11,14.65,15.1,14.3,14.7,14.395113,45500
2018-01-12,14.65,15.2,14.2,14.55,14.248225,26900
2018-01-16,14.5,14.75,14.11,14.3,14.00341,29500
2018-01-17,14.05,15.12,14.0,14.75,14.444076999999998,30900
2018-01-18,14.7,14.72,13.75,14.15,13.856520999999999,49000
2018-01-19,14.1,15.42,14.1,15.2,14.884744,161000
2018-01-22,15.25,15.5,14.85,15.15,14.835779,44900
2018-01-23,15.0,15.3,14.8,15.0,14.688891,30800
2018-01-24,15.0,15.0,14.35,14.6,14.297189000000001,37300
2018-01-25,14.85,15.1,14.05,14.65,14.346148999999999,47100
2018-01-26,14.8,15.65,14.5,15.55,15.227485,112700
2018-01-29,15.55,15.8,15.05,15.2,14.884744,35400
2018-01-30,15.25,15.54,14.95,15.3,14.98267,33800
2018-01-31,15.45,15.45,14.75,15.0,14.688891,18800
2018-02-01,15.0,15.25,14.78,14.95,14.639929,32400
2018-02-02,14.8,15.0,14.13,14.2,13.905484,29000
2018-02-05,14.15,14.35,12.8,13.45,13.17104,46900
2018-02-06,13.0,14.15,12.85,14.0,13.709632000000001,28400
2018-02-07,13.9,13.9,13.3,13.75,13.464817000000002,26200
2018-02-08,13.35,14.05,13.35,14.0,13.709632000000001,18200
2018-02-09,14.0,14.1,12.3,13.65,13.36689,56300
2018-02-12,13.55,13.68,12.85,13.5,13.220001000000002,22900
2018-02-13,13.5,14.1,13.5,13.95,13.660668,13900
2018-02-14,13.62,14.5,13.6,14.5,14.199262,11200
2018-02-15,14.65,14.75,14.15,14.25,13.954445999999999,35000
2018-02-16,14.3,14.3,13.48,14.2,13.993866,10900
2018-02-20,14.05,14.7,14.05,14.55,14.338785000000001,21200
2018-02-21,14.6,15.0,14.35,14.85,14.634429999999998,16800
2018-02-22,14.85,15.0,14.61,14.8,14.585156,17600
2018-02-23,14.8,14.85,14.6,14.8,14.585156,6300
2018-02-26,14.4,14.75,14.2,14.65,14.437332999999999,16300
2018-02-27,14.5,14.7,14.25,14.25,14.04314,9900
2018-02-28,14.3,14.4,13.8,13.85,13.648948,19500
2018-03-01,13.95,14.02,13.48,13.65,13.45185,33400
2018-03-02,13.45,13.9,13.15,13.6,13.402576000000002,26500
2018-03-05,13.6,13.9,13.35,13.7,13.501123999999999,45000
2018-03-06,11.95,12.3,11.3,11.8,11.628705,211400
2018-03-07,11.85,12.0,11.5,11.7,11.530157,41100
2018-03-08,11.75,11.85,11.3,11.5,11.333060000000001,50200
2018-03-09,11.85,12.21,11.55,12.0,11.825802000000001,52800
2018-03-12,12.2,12.4,12.0,12.2,12.022899,49200
2018-03-13,12.2,12.4,12.0,12.1,11.924352,27200
2018-03-14,12.33,12.6,12.1,12.55,12.367818,52900
2018-03-15,12.6,12.95,12.45,12.85,12.663464,66100
2018-03-16,12.8,13.4,12.8,13.25,13.057656,58700
2018-03-19,12.85,13.1,12.45,12.9,12.712736999999999,48100
2018-03-20,12.95,13.1,12.85,13.05,12.860559,26200
2018-03-21,13.0,13.3,13.0,13.25,13.057656,24800
2018-03-22,13.15,13.2,12.7,12.7,12.51564,40200
2018-03-23,12.75,12.86,12.5,12.7,12.51564,50300
2018-03-26,12.7,12.92,12.63,12.8,12.614189,29600
2018-03-27,12.9,13.18,12.55,12.7,12.51564,56600
2018-03-28,12.75,12.75,12.15,12.45,12.26927,25300
2018-03-29,12.6,13.25,12.6,13.05,12.860559,26900
2018-04-02,13.0,13.38,12.6,12.85,12.663464,36800
2018-04-03,12.9,12.9,12.5,12.5,12.318543,11900
2018-04-04,12.25,13.05,12.15,12.95,12.762012,41600
2018-04-05,13.1,13.4,12.6,12.75,12.564915,26800
2018-04-06,12.7,13.1,12.53,13.1,12.909835000000001,18700
2018-04-09,13.1,13.1,12.6,12.6,12.417093,4500
2018-04-10,12.7,13.0,12.7,12.85,12.663464,12500
2018-04-11,12.8,13.25,12.8,13.2,13.008382000000001,9700
2018-04-12,13.2,13.25,12.7,12.85,12.663464,20400
2018-04-13,12.95,12.95,12.7,12.75,12.564915,3000
2018-04-16,12.75,13.0,12.68,12.9,12.712736999999999,3300
2018-04-17,12.95,13.13,12.85,13.1,12.909835000000001,6700
2018-04-18,13.1,13.1,12.9,12.9,12.712736999999999,2100
2018-04-19,12.95,13.0,12.65,12.95,12.762012,3200
2018-04-20,12.9,13.13,12.7,12.75,12.564915,19300
2018-04-23,12.75,12.8,12.55,12.6,12.417093,9400
2018-04-24,12.55,13.15,12.5,12.95,12.762012,23700
2018-04-25,12.8,12.95,12.6,12.7,12.51564,2700
2018-04-26,12.5,12.58,12.25,12.45,12.26927,15300
2018-04-27,12.5,12.5,12.3,12.3,12.121447,3000
2018-04-30,12.29,12.3,12.15,12.2,12.022899,7500
2018-05-01,12.1,12.15,11.95,12.1,11.924352,51900
2018-05-02,11.85,12.1,11.8,11.8,11.628705,16300
2018-05-03,11.8,11.95,11.6,11.8,11.628705,21800
2018-05-04,11.65,11.95,11.65,11.95,11.776527,23400
2018-05-07,11.0,11.8,11.0,11.4,11.234511,19500
2018-05-08,11.25,11.4,10.95,10.95,10.791044,45300
2018-05-09,11.05,11.35,10.85,11.25,11.086689,13700
2018-05-10,11.26,11.78,11.0,11.75,11.579432,19000
2018-05-11,11.6,11.95,11.51,11.55,11.382335000000001,8500
2018-05-14,11.44,11.85,11.36,11.75,11.579432,6300
2018-05-15,11.75,11.75,11.25,11.45,11.283786,8300
2018-05-16,11.59,11.59,11.1,11.1,10.938868,9700
2018-05-17,11.1,11.2,11.05,11.05,10.889593,7500
2018-05-18,11.0,11.1,11.0,11.05,10.979014999999999,6100
2018-05-21,11.15,11.15,10.9,10.95,10.879657,10800
2018-05-22,10.95,10.95,10.6,10.6,10.531906,22100
2018-05-23,10.55,11.0,10.55,10.85,10.7803,26200
2018-05-24,10.75,10.8,10.55,10.55,10.482227,9200
2018-05-25,10.55,10.85,10.41,10.75,10.680942,21500
2018-05-29,10.74,10.8,10.5,10.75,10.680942,14300
2018-05-30,10.8,10.85,10.6,10.75,10.680942,20400
2018-05-31,10.65,10.9,10.65,10.85,10.7803,7300
2018-06-01,10.9,10.95,10.8,10.9,10.829978,10000
2018-06-04,10.85,10.85,10.65,10.65,10.581584,5800
2018-06-05,10.8,10.8,10.7,10.75,10.680942,2700
2018-06-06,10.85,11.35,10.85,11.3,11.227408,18400
2018-06-07,11.35,11.46,11.0,11.0,10.929336,5900
2018-06-08,11.11,11.11,10.95,10.95,10.879657,6900
2018-06-11,10.7,11.05,10.7,11.05,10.979014999999999,8400
2018-06-12,10.95,11.05,10.85,11.05,10.979014999999999,1900
2018-06-13,11.05,11.1,11.0,11.0,10.929336,9300
2018-06-14,10.9,10.99,10.9,10.9,10.829978,5600
2018-06-15,11.0,11.1,11.0,11.1,11.028694,5800
2018-06-18,11.06,11.35,11.06,11.25,11.17773,6400
2018-06-19,11.2,11.5,11.2,11.25,11.17773,11200
2018-06-20,11.35,11.45,11.3,11.45,11.376445,2400
2018-06-21,11.5,11.6,11.5,11.5,11.426124,7600
2018-06-22,11.6,11.7,11.55,11.7,11.624839,10800
2018-06-25,11.55,11.7,11.48,11.6,11.525482,18500
2018-06-26,11.6,12.35,11.6,12.25,12.171306,17600
2018-06-27,12.15,12.2,11.9,12.0,11.922912,7400
2018-06-28,11.95,12.1,11.85,11.95,11.873233,5400
2018-06-29,12.0,12.55,12.0,12.5,12.4197,9200
2018-07-02,12.4,12.4,12.25,12.35,12.270664,2100
2018-07-03,12.3,12.4,12.3,12.3,12.220984,11200
2018-07-05,12.05,12.8,12.05,12.8,12.717772,6800
2018-07-06,12.65,12.65,12.28,12.3,12.220984,3400
2018-07-09,12.2,12.35,12.05,12.15,12.071947999999999,11900
2018-07-10,12.1,12.25,12.05,12.25,12.171306,12500
2018-07-11,11.96,12.41,11.95,12.15,12.071947999999999,5800
2018-07-12,11.9,11.95,11.85,11.95,11.873233,6300
2018-07-13,11.9,12.05,11.85,11.85,11.773876,2000
2018-07-16,11.85,11.9,11.65,11.7,11.624839,3500
2018-07-17,11.65,11.75,11.6,11.75,11.674517999999999,2000
2018-07-18,11.75,11.95,11.7,11.93,11.853361999999999,2300
2018-07-19,11.41,11.8,11.2,11.55,11.475802,5000
2018-07-20,11.5,11.65,11.3,11.55,11.475802,8500
2018-07-23,11.55,11.75,11.4,11.6,11.525482,4000
2018-07-24,11.7,11.7,11.35,11.5,11.426124,1800
2018-07-25,11.6,11.65,11.35,11.4,11.326766000000001,1400
2018-07-26,11.56,12.15,11.5,11.5,11.426124,4700
2018-07-27,11.82,11.82,11.0,11.55,11.475802,15800
2018-07-30,11.55,11.55,11.14,11.2,11.128051,16200
2018-07-31,11.2,11.2,11.0,11.05,10.979014999999999,10000
2018-08-01,12.0,12.0,11.55,11.55,11.475802,1400
2018-08-02,11.25,11.9,11.25,11.9,11.823554,11100
2018-08-03,11.25,15.35,11.25,14.0,13.910064000000002,81700
2018-08-06,14.05,15.15,13.95,14.7,14.605567,44800
2018-08-07,14.8,14.9,14.5,14.5,14.406851999999999,40300
2018-08-08,14.45,14.8,14.35,14.55,14.456531,35000
2018-08-09,14.55,15.0,14.35,14.35,14.257816,26000
2018-08-10,14.35,14.62,14.35,14.4,14.307494,11000
2018-08-13,14.4,14.9,13.85,14.2,14.108779,28400
2018-08-14,14.3,14.3,13.7,13.95,13.860385,66300
2018-08-15,13.95,13.95,13.45,13.85,13.761028,14200
2018-08-16,13.8,14.6,13.8,14.01,13.92,14900
2018-08-17,14.0,15.15,14.0,15.15,15.15,17000
2018-08-20,15.2,15.2,14.7,15.0,15.0,9600
2018-08-21,15.1,15.15,14.9,14.9,14.9,12800
2018-08-22,14.95,14.95,14.75,14.75,14.75,3500
2018-08-23,14.8,14.8,14.35,14.5,14.5,8700
2018-08-24,14.55,15.1,14.55,14.55,14.55,4700
2018-08-27,14.65,15.39,14.5,14.8,14.8,15900
2018-08-28,14.9,15.12,14.7,14.75,14.75,5400
2018-08-29,14.9,14.9,14.15,14.33,14.33,17200
2018-08-30,14.95,14.95,14.25,14.3,14.3,5100
2018-08-31,14.18,14.47,14.1,14.1,14.1,8300
2018-09-04,14.15,14.65,14.15,14.3,14.3,6900
2018-09-05,14.35,14.35,14.1,14.25,14.25,5000
2018-09-06,14.05,14.1,13.9,14.1,14.1,7400
2018-09-07,14.21,14.96,13.78,14.0,14.0,3200
2018-09-10,14.0,14.15,13.7,14.05,14.05,8500
2018-09-11,13.95,14.83,13.73,14.3,14.3,12100
2018-09-12,13.67,14.1,13.67,13.9,13.9,15600
