Date,Open,High,Low,Close,Adj Close,Volume
2008-09-12,600.0,600.0,480.0,480.0,480.0,0
2008-09-15,600.0,600.0,600.0,600.0,600.0,0
2008-09-16,600.0,600.0,600.0,600.0,600.0,0
2008-09-17,600.0,600.0,600.0,600.0,600.0,0
2008-09-18,600.0,600.0,600.0,600.0,600.0,0
2008-09-19,480.0,720.0,480.0,720.0,720.0,0
2008-09-22,600.0,600.0,480.0,480.0,480.0,0
2008-09-23,600.0,600.0,600.0,600.0,600.0,0
2008-09-24,600.0,840.0,600.0,840.0,840.0,0
2008-09-25,840.0,840.0,840.0,840.0,840.0,0
2008-09-26,720.0,720.0,720.0,720.0,720.0,0
2008-09-29,720.0,720.0,720.0,720.0,720.0,0
2008-09-30,720.0,720.0,720.0,720.0,720.0,0
2008-10-01,600.0,840.0,600.0,840.0,840.0,0
2008-10-02,720.0,720.0,720.0,720.0,720.0,0
2008-10-03,720.0,720.0,720.0,720.0,720.0,0
2008-10-06,720.0,720.0,720.0,720.0,720.0,0
2008-10-07,720.0,720.0,720.0,720.0,720.0,0
2008-10-08,720.0,720.0,720.0,720.0,720.0,0
2008-10-09,720.0,1080.0,600.0,720.0,720.0,0
2008-10-10,720.0,720.0,720.0,720.0,720.0,0
2008-10-13,1320.0,1320.0,1080.0,1080.0,1080.0,0
2008-10-14,600.0,600.0,600.0,600.0,600.0,0
2008-10-15,600.0,600.0,600.0,600.0,600.0,0
2008-10-16,600.0,1080.0,600.0,600.0,600.0,0
2008-10-17,600.0,600.0,480.0,600.0,600.0,0
2008-10-20,480.0,480.0,480.0,480.0,480.0,0
2008-10-21,480.0,480.0,360.0,360.0,360.0,0
2008-10-22,600.0,600.0,600.0,600.0,600.0,0
2008-10-23,600.0,600.0,360.0,360.0,360.0,0
2008-10-24,720.0,720.0,720.0,720.0,720.0,0
2008-10-27,720.0,720.0,720.0,720.0,720.0,0
2008-10-28,480.0,480.0,480.0,480.0,480.0,0
2008-10-29,360.0,480.0,360.0,480.0,480.0,0
2008-10-30,480.0,480.0,480.0,480.0,480.0,0
2008-10-31,480.0,480.0,480.0,480.0,480.0,0
2008-11-03,480.0,480.0,480.0,480.0,480.0,0
2008-11-04,480.0,480.0,480.0,480.0,480.0,0
2008-11-05,720.0,960.0,720.0,960.0,960.0,0
2008-11-06,960.0,960.0,600.0,600.0,600.0,0
2008-11-07,600.0,600.0,600.0,600.0,600.0,0
2008-11-10,600.0,960.0,600.0,960.0,960.0,0
2008-11-11,1080.0,1080.0,600.0,600.0,600.0,0
2008-11-12,600.0,600.0,600.0,600.0,600.0,0
2008-11-13,600.0,600.0,600.0,600.0,600.0,0
2008-11-14,1080.0,1080.0,1080.0,1080.0,1080.0,0
2008-11-17,1080.0,1080.0,600.0,600.0,600.0,0
2008-11-18,600.0,600.0,600.0,600.0,600.0,0
2008-11-19,600.0,600.0,600.0,600.0,600.0,0
2008-11-20,480.0,1080.0,480.0,1080.0,1080.0,0
2008-11-21,480.0,480.0,480.0,480.0,480.0,0
2008-11-24,480.0,480.0,480.0,480.0,480.0,0
2008-11-25,1080.0,1080.0,1080.0,1080.0,1080.0,0
2008-11-26,480.0,480.0,480.0,480.0,480.0,0
2008-11-28,480.0,480.0,480.0,480.0,480.0,0
2008-12-01,480.0,480.0,480.0,480.0,480.0,0
2008-12-02,480.0,480.0,480.0,480.0,480.0,0
2008-12-03,480.0,480.0,480.0,480.0,480.0,0
2008-12-04,720.0,720.0,720.0,720.0,720.0,0
2008-12-05,480.0,480.0,480.0,480.0,480.0,0
2008-12-08,480.0,480.0,480.0,480.0,480.0,0
2008-12-09,480.0,480.0,480.0,480.0,480.0,0
2008-12-10,480.0,480.0,480.0,480.0,480.0,0
2008-12-11,480.0,480.0,480.0,480.0,480.0,0
2008-12-12,480.0,480.0,360.0,360.0,360.0,0
2008-12-15,360.0,360.0,240.0,240.0,240.0,0
2008-12-16,360.0,360.0,360.0,360.0,360.0,0
2008-12-17,360.0,360.0,360.0,360.0,360.0,0
2008-12-18,240.0,240.0,240.0,240.0,240.0,0
2008-12-19,360.0,360.0,360.0,360.0,360.0,0
2008-12-22,240.0,240.0,240.0,240.0,240.0,0
2008-12-23,360.0,360.0,360.0,360.0,360.0,0
2008-12-24,360.0,480.0,360.0,480.0,480.0,0
2008-12-26,480.0,480.0,480.0,480.0,480.0,0
2008-12-29,480.0,480.0,360.0,360.0,360.0,0
2008-12-30,360.0,360.0,360.0,360.0,360.0,0
2008-12-31,360.0,480.0,360.0,480.0,480.0,0
2009-01-02,480.0,480.0,480.0,480.0,480.0,0
2009-01-05,360.0,360.0,360.0,360.0,360.0,0
2009-01-06,240.0,240.0,240.0,240.0,240.0,0
2009-01-07,360.0,360.0,360.0,360.0,360.0,0
2009-01-08,240.0,360.0,240.0,360.0,360.0,0
2009-01-09,360.0,480.0,360.0,480.0,480.0,0
2009-01-12,480.0,480.0,240.0,360.0,360.0,0
2009-01-13,360.0,360.0,360.0,360.0,360.0,0
2009-01-14,240.0,240.0,240.0,240.0,240.0,0
2009-01-15,360.0,360.0,240.0,240.0,240.0,0
2009-01-16,240.0,240.0,240.0,240.0,240.0,0
2009-01-20,240.0,240.0,240.0,240.0,240.0,0
2009-01-21,240.0,240.0,240.0,240.0,240.0,0
2009-01-22,360.0,360.0,360.0,360.0,360.0,0
2009-01-23,360.0,360.0,360.0,360.0,360.0,0
2009-01-26,360.0,600.0,360.0,360.0,360.0,0
2009-01-27,360.0,360.0,360.0,360.0,360.0,0
2009-01-28,360.0,360.0,360.0,360.0,360.0,0
2009-01-29,360.0,360.0,360.0,360.0,360.0,0
2009-01-30,360.0,360.0,360.0,360.0,360.0,0
2009-02-02,360.0,360.0,360.0,360.0,360.0,0
2009-02-03,1200.0,2400.0,240.0,240.0,240.0,0
2009-02-04,240.0,240.0,240.0,240.0,240.0,0
2009-02-05,360.0,360.0,360.0,360.0,360.0,0
2009-02-06,840.0,840.0,840.0,840.0,840.0,0
2009-02-09,840.0,840.0,840.0,840.0,840.0,0
2009-02-10,360.0,360.0,360.0,360.0,360.0,0
2009-02-11,360.0,360.0,360.0,360.0,360.0,0
2009-02-12,480.0,480.0,360.0,360.0,360.0,0
2009-02-13,360.0,360.0,360.0,360.0,360.0,0
2009-02-17,360.0,360.0,360.0,360.0,360.0,0
2009-02-18,360.0,360.0,360.0,360.0,360.0,0
2009-02-19,480.0,480.0,480.0,480.0,480.0,0
2009-02-20,480.0,480.0,480.0,480.0,480.0,0
2009-02-23,480.0,480.0,480.0,480.0,480.0,0
2009-02-24,480.0,480.0,480.0,480.0,480.0,0
2009-02-25,480.0,480.0,480.0,480.0,480.0,0
2009-02-26,360.0,360.0,360.0,360.0,360.0,0
2009-02-27,360.0,360.0,360.0,360.0,360.0,0
2009-03-02,360.0,360.0,360.0,360.0,360.0,0
2009-03-03,360.0,360.0,360.0,360.0,360.0,0
2009-03-04,360.0,360.0,360.0,360.0,360.0,0
2009-03-05,840.0,840.0,840.0,840.0,840.0,0
2009-03-06,840.0,840.0,840.0,840.0,840.0,0
2009-03-09,840.0,840.0,840.0,840.0,840.0,0
2009-03-10,840.0,840.0,840.0,840.0,840.0,0
2009-03-11,360.0,360.0,360.0,360.0,360.0,0
2009-03-12,360.0,960.0,360.0,960.0,960.0,0
2009-03-13,960.0,960.0,960.0,960.0,960.0,0
2009-03-16,480.0,480.0,480.0,480.0,480.0,0
2009-03-17,480.0,480.0,480.0,480.0,480.0,0
2009-03-18,480.0,480.0,480.0,480.0,480.0,0
2009-03-19,480.0,480.0,480.0,480.0,480.0,0
2009-03-20,480.0,480.0,480.0,480.0,480.0,0
2009-03-23,480.0,480.0,480.0,480.0,480.0,0
2009-03-24,480.0,480.0,480.0,480.0,480.0,0
2009-03-25,480.0,480.0,480.0,480.0,480.0,0
2009-03-26,480.0,480.0,480.0,480.0,480.0,0
2009-03-27,480.0,480.0,480.0,480.0,480.0,0
2009-03-30,480.0,480.0,480.0,480.0,480.0,0
2009-03-31,480.0,480.0,480.0,480.0,480.0,0
2009-04-01,480.0,480.0,480.0,480.0,480.0,0
2009-04-02,480.0,480.0,480.0,480.0,480.0,0
2009-04-03,480.0,480.0,480.0,480.0,480.0,0
2009-04-06,480.0,480.0,480.0,480.0,480.0,0
2009-04-07,480.0,480.0,480.0,480.0,480.0,0
2009-04-08,480.0,480.0,480.0,480.0,480.0,0
2009-04-09,480.0,480.0,480.0,480.0,480.0,0
2009-04-13,480.0,480.0,480.0,480.0,480.0,0
2009-04-14,480.0,480.0,480.0,480.0,480.0,0
2009-04-15,840.0,840.0,600.0,840.0,840.0,0
2009-04-16,480.0,480.0,480.0,480.0,480.0,0
2009-04-17,480.0,480.0,480.0,480.0,480.0,0
2009-04-20,480.0,480.0,480.0,480.0,480.0,0
2009-04-21,480.0,480.0,480.0,480.0,480.0,0
2009-04-22,480.0,480.0,480.0,480.0,480.0,0
2009-04-23,480.0,480.0,480.0,480.0,480.0,0
2009-04-24,480.0,480.0,480.0,480.0,480.0,0
2009-04-27,600.0,600.0,600.0,600.0,600.0,0
2009-04-28,960.0,960.0,960.0,960.0,960.0,0
2009-04-29,960.0,960.0,960.0,960.0,960.0,0
2009-04-30,600.0,600.0,600.0,600.0,600.0,0
2009-05-01,600.0,960.0,480.0,480.0,480.0,0
2009-05-04,480.0,480.0,480.0,480.0,480.0,0
2009-05-05,480.0,480.0,480.0,480.0,480.0,0
2009-05-06,480.0,480.0,480.0,480.0,480.0,0
2009-05-07,600.0,600.0,600.0,600.0,600.0,0
2009-05-08,600.0,600.0,600.0,600.0,600.0,0
2009-05-11,480.0,480.0,480.0,480.0,480.0,0
2009-05-12,480.0,480.0,120.0,360.0,360.0,0
2009-05-13,600.0,600.0,600.0,600.0,600.0,0
2009-05-14,600.0,600.0,600.0,600.0,600.0,0
2009-05-15,600.0,600.0,600.0,600.0,600.0,0
2009-05-18,600.0,600.0,600.0,600.0,600.0,0
2009-05-19,600.0,600.0,600.0,600.0,600.0,0
2009-05-20,600.0,600.0,600.0,600.0,600.0,0
2009-05-21,600.0,600.0,600.0,600.0,600.0,0
2009-05-22,600.0,600.0,600.0,600.0,600.0,0
2009-05-26,600.0,600.0,600.0,600.0,600.0,0
2009-05-27,600.0,600.0,600.0,600.0,600.0,0
2009-05-28,600.0,600.0,600.0,600.0,600.0,0
2009-05-29,600.0,600.0,600.0,600.0,600.0,0
2009-06-01,600.0,600.0,600.0,600.0,600.0,0
2009-06-02,600.0,600.0,600.0,600.0,600.0,0
2009-06-03,600.0,600.0,600.0,600.0,600.0,0
2009-06-04,600.0,600.0,600.0,600.0,600.0,0
2009-06-05,600.0,600.0,600.0,600.0,600.0,0
2009-06-08,600.0,600.0,600.0,600.0,600.0,0
2009-06-09,600.0,840.0,600.0,840.0,840.0,0
2009-06-10,840.0,840.0,840.0,840.0,840.0,0
2009-06-11,840.0,840.0,720.0,720.0,720.0,0
2009-06-12,720.0,720.0,720.0,720.0,720.0,0
2009-06-15,480.0,480.0,480.0,480.0,480.0,0
2009-06-16,720.0,720.0,720.0,720.0,720.0,0
2009-06-17,480.0,480.0,480.0,480.0,480.0,0
2009-06-18,480.0,480.0,480.0,480.0,480.0,0
2009-06-19,480.0,480.0,480.0,480.0,480.0,0
2009-06-22,480.0,480.0,480.0,480.0,480.0,0
2009-06-23,480.0,480.0,480.0,480.0,480.0,0
2009-06-24,480.0,480.0,480.0,480.0,480.0,0
2009-06-25,480.0,480.0,480.0,480.0,480.0,0
2009-06-26,480.0,480.0,480.0,480.0,480.0,0
2009-06-29,480.0,480.0,480.0,480.0,480.0,0
2009-06-30,480.0,480.0,480.0,480.0,480.0,0
2009-07-01,840.0,840.0,720.0,840.0,840.0,0
2009-07-02,1200.0,1200.0,1200.0,1200.0,1200.0,0
2009-07-06,960.0,1200.0,960.0,1200.0,1200.0,0
2009-07-07,1200.0,1200.0,960.0,960.0,960.0,0
2009-07-08,1200.0,1200.0,1200.0,1200.0,1200.0,0
2009-07-09,1200.0,1200.0,1200.0,1200.0,1200.0,0
2009-07-10,1200.0,1200.0,1200.0,1200.0,1200.0,0
2009-07-13,960.0,2160.0,840.0,1800.0,1800.0,0
2009-07-14,1800.0,1800.0,1800.0,1800.0,1800.0,0
2009-07-15,1320.0,1320.0,1320.0,1320.0,1320.0,0
2009-07-16,1920.0,2040.0,1320.0,1320.0,1320.0,0
2009-07-17,2040.0,2040.0,1320.0,2040.0,2040.0,0
2009-07-20,2040.0,2040.0,1440.0,2040.0,2040.0,0
2009-07-21,2040.0,2040.0,2040.0,2040.0,2040.0,0
2009-07-22,2040.0,2040.0,2040.0,2040.0,2040.0,0
2009-07-23,1440.0,2040.0,1440.0,2040.0,2040.0,0
2009-07-24,1560.0,2040.0,1440.0,2040.0,2040.0,0
2009-07-27,1980.0,1980.0,1980.0,1980.0,1980.0,0
2009-07-28,3120.0,3120.0,3120.0,3120.0,3120.0,0
2009-07-29,3120.0,3120.0,3120.0,3120.0,3120.0,0
2009-07-30,1512.0,1680.0,1500.0,1500.0,1500.0,0
2009-07-31,1536.0,1536.0,1320.0,1320.0,1320.0,0
2009-08-03,1260.0,1680.0,1260.0,1332.0,1332.0,0
2009-08-04,1380.0,1380.0,1320.0,1320.0,1320.0,0
2009-08-05,1560.0,1560.0,1332.0,1440.0,1440.0,0
2009-08-06,1332.0,1596.0,1308.0,1320.0,1320.0,0
2009-08-07,1560.0,1596.0,1356.0,1356.0,1356.0,0
2009-08-10,1344.0,1344.0,1320.0,1320.0,1320.0,0
2009-08-11,1512.0,1512.0,1380.0,1380.0,1380.0,0
2009-08-12,1500.0,1500.0,1296.0,1500.0,1500.0,0
2009-08-13,1344.0,1500.0,1296.0,1380.0,1380.0,0
2009-08-14,1536.0,1536.0,1536.0,1536.0,1536.0,0
2009-08-17,1500.0,1560.0,1500.0,1560.0,1560.0,0
2009-08-18,1560.0,1680.0,1560.0,1560.0,1560.0,0
2009-08-19,1620.0,1620.0,1536.0,1560.0,1560.0,0
2009-08-20,1560.0,1620.0,1560.0,1620.0,1620.0,0
2009-08-21,1500.0,1500.0,1440.0,1440.0,1440.0,0
2009-08-24,1560.0,1560.0,1320.0,1440.0,1440.0,0
2009-08-25,1296.0,1488.0,1224.0,1488.0,1488.0,0
2009-08-26,1332.0,1536.0,1320.0,1536.0,1536.0,0
2009-08-27,1224.0,1512.0,1224.0,1512.0,1512.0,0
2009-08-28,1500.0,1512.0,1500.0,1512.0,1512.0,0
2009-08-31,1380.0,1380.0,1344.0,1380.0,1380.0,0
2009-09-01,1368.0,1368.0,1368.0,1368.0,1368.0,0
2009-09-02,1440.0,1440.0,1416.0,1416.0,1416.0,0
2009-09-03,1416.0,1416.0,1416.0,1416.0,1416.0,0
2009-09-04,1344.0,1416.0,1272.0,1416.0,1416.0,0
2009-09-08,1356.0,1356.0,1296.0,1344.0,1344.0,0
2009-09-09,1308.0,1320.0,1272.0,1272.0,1272.0,0
2009-09-10,1260.0,1296.0,1188.0,1188.0,1188.0,0
2009-09-11,1260.0,1260.0,1212.0,1212.0,1212.0,0
2009-09-14,1212.0,1212.0,1200.0,1212.0,1212.0,0
2009-09-15,1212.0,1260.0,1188.0,1212.0,1212.0,0
2009-09-16,1176.0,1176.0,1176.0,1176.0,1176.0,0
2009-09-17,1092.0,1188.0,1032.0,1188.0,1188.0,0
2009-09-18,1020.0,1188.0,1020.0,1188.0,1188.0,0
2009-09-21,1188.0,1188.0,1188.0,1188.0,1188.0,0
2009-09-22,1020.0,1140.0,1020.0,1080.0,1080.0,0
2009-09-23,1020.0,1080.0,996.0,996.0,996.0,0
2009-09-24,1080.0,1080.0,1008.0,1080.0,1080.0,100
2009-09-25,1044.0,1044.0,1008.0,1008.0,1008.0,0
2009-09-28,1020.0,1032.0,1020.0,1020.0,1020.0,0
2009-09-29,1080.0,1080.0,1020.0,1020.0,1020.0,200
2009-09-30,1080.0,1272.0,1044.0,1104.0,1104.0,100
2009-10-01,1212.0,1296.0,1212.0,1272.0,1272.0,100
2009-10-02,1224.0,1296.0,1152.0,1260.0,1260.0,0
2009-10-05,1500.0,1776.0,1440.0,1740.0,1740.0,800
2009-10-06,1872.0,1872.0,1332.0,1488.0,1488.0,400
2009-10-07,1464.0,1488.0,1272.0,1344.0,1344.0,200
2009-10-08,1380.0,1380.0,1092.0,1164.0,1164.0,100
2009-10-09,1152.0,1260.0,1140.0,1248.0,1248.0,0
2009-10-12,1248.0,1248.0,1140.0,1200.0,1200.0,0
2009-10-13,1176.0,1200.0,1140.0,1140.0,1140.0,0
2009-10-14,1188.0,1212.0,1068.0,1164.0,1164.0,0
2009-10-15,1164.0,1320.0,1164.0,1272.0,1272.0,0
2009-10-16,1464.0,1548.0,1356.0,1440.0,1440.0,200
2009-10-19,1440.0,1560.0,1404.0,1560.0,1560.0,100
2009-10-20,1572.0,1584.0,1428.0,1500.0,1500.0,0
2009-10-21,1380.0,1512.0,1296.0,1464.0,1464.0,0
2009-10-22,1464.0,1464.0,1380.0,1440.0,1440.0,0
2009-10-23,1404.0,1500.0,1380.0,1464.0,1464.0,100
2009-10-26,1656.0,1668.0,1500.0,1512.0,1512.0,300
2009-10-27,1536.0,1536.0,1260.0,1320.0,1320.0,100
2009-10-28,1272.0,1272.0,1164.0,1236.0,1236.0,0
2009-10-29,1224.0,1224.0,1140.0,1176.0,1176.0,0
2009-10-30,1200.0,1200.0,1128.0,1200.0,1200.0,0
2009-11-02,1128.0,1164.0,1056.0,1164.0,1164.0,0
2009-11-03,1044.0,1212.0,1044.0,1200.0,1200.0,0
2009-11-04,1200.0,1248.0,1200.0,1236.0,1236.0,0
2009-11-05,1248.0,1260.0,1200.0,1236.0,1236.0,0
2009-11-06,1224.0,1224.0,1056.0,1104.0,1104.0,0
2009-11-09,1080.0,1080.0,840.0,972.0,972.0,0
2009-11-10,972.0,1080.0,960.0,1080.0,1080.0,0
2009-11-11,984.0,1068.0,984.0,1068.0,1068.0,0
2009-11-12,984.0,1068.0,984.0,1008.0,1008.0,0
2009-11-13,1008.0,1080.0,984.0,1044.0,1044.0,0
2009-11-16,1044.0,1044.0,1008.0,1008.0,1008.0,0
2009-11-17,1008.0,1008.0,960.0,960.0,960.0,0
2009-11-18,960.0,960.0,852.0,852.0,852.0,100
2009-11-19,876.0,936.0,840.0,864.0,864.0,0
2009-11-20,864.0,936.0,840.0,936.0,936.0,0
2009-11-23,1020.0,1020.0,816.0,816.0,816.0,100
2009-11-24,732.0,840.0,684.0,708.0,708.0,100
2009-11-25,792.0,792.0,672.0,720.0,720.0,100
2009-11-27,720.0,720.0,720.0,720.0,720.0,0
2009-11-30,660.0,660.0,504.0,600.0,600.0,100
2009-12-01,528.0,576.0,504.0,540.0,540.0,100
2009-12-02,564.0,576.0,540.0,576.0,576.0,0
2009-12-03,588.0,588.0,540.0,576.0,576.0,100
2009-12-04,600.0,648.0,552.0,624.0,624.0,0
2009-12-07,648.0,648.0,552.0,552.0,552.0,0
2009-12-08,636.0,636.0,540.0,588.0,588.0,0
2009-12-09,552.0,552.0,504.0,516.0,516.0,0
2009-12-10,552.0,552.0,504.0,540.0,540.0,0
2009-12-11,540.0,612.0,540.0,600.0,600.0,100
2009-12-14,600.0,708.0,552.0,624.0,624.0,100
2009-12-15,624.0,684.0,576.0,576.0,576.0,200
2009-12-16,552.0,672.0,552.0,600.0,600.0,0
2009-12-17,624.0,660.0,600.0,600.0,600.0,100
2009-12-18,624.0,636.0,612.0,612.0,612.0,0
2009-12-21,600.0,636.0,564.0,564.0,564.0,0
2009-12-22,600.0,600.0,600.0,600.0,600.0,0
2009-12-23,576.0,576.0,540.0,552.0,552.0,0
2009-12-24,552.0,600.0,528.0,600.0,600.0,0
2009-12-28,528.0,600.0,528.0,528.0,528.0,0
2009-12-29,600.0,600.0,504.0,600.0,600.0,0
2009-12-30,600.0,600.0,504.0,600.0,600.0,0
2009-12-31,516.0,600.0,516.0,528.0,528.0,0
2010-01-04,600.0,624.0,552.0,624.0,624.0,0
2010-01-05,588.0,612.0,588.0,612.0,612.0,0
2010-01-06,564.0,600.0,552.0,600.0,600.0,0
2010-01-07,612.0,648.0,540.0,648.0,648.0,0
2010-01-08,612.0,648.0,612.0,636.0,636.0,0
2010-01-11,636.0,660.0,624.0,624.0,624.0,0
2010-01-12,624.0,660.0,624.0,648.0,648.0,0
2010-01-13,684.0,696.0,624.0,624.0,624.0,100
2010-01-14,636.0,720.0,636.0,696.0,696.0,600
2010-01-15,720.0,720.0,636.0,648.0,648.0,200
2010-01-19,648.0,720.0,576.0,672.0,672.0,100
2010-01-20,600.0,720.0,600.0,660.0,660.0,0
2010-01-21,720.0,720.0,648.0,720.0,720.0,0
2010-01-22,720.0,780.0,696.0,696.0,696.0,200
2010-01-25,840.0,840.0,708.0,720.0,720.0,0
2010-01-26,732.0,732.0,672.0,672.0,672.0,100
2010-01-27,672.0,672.0,564.0,636.0,636.0,100
2010-01-28,600.0,660.0,600.0,624.0,624.0,200
2010-01-29,624.0,732.0,600.0,672.0,672.0,200
2010-02-01,648.0,720.0,648.0,720.0,720.0,0
2010-02-02,720.0,780.0,672.0,708.0,708.0,200
2010-02-03,744.0,744.0,672.0,672.0,672.0,100
2010-02-04,696.0,696.0,660.0,696.0,696.0,0
2010-02-05,696.0,720.0,636.0,708.0,708.0,100
2010-02-08,696.0,696.0,612.0,648.0,648.0,0
2010-02-09,672.0,672.0,516.0,588.0,588.0,200
2010-02-10,624.0,624.0,552.0,600.0,600.0,0
2010-02-11,564.0,576.0,540.0,564.0,564.0,0
2010-02-12,540.0,588.0,540.0,588.0,588.0,0
2010-02-16,588.0,588.0,528.0,564.0,564.0,100
2010-02-17,564.0,564.0,516.0,552.0,552.0,0
2010-02-18,564.0,588.0,552.0,588.0,588.0,100
2010-02-19,576.0,624.0,564.0,588.0,588.0,100
2010-02-22,600.0,600.0,480.0,504.0,504.0,300
2010-02-23,516.0,516.0,456.0,504.0,504.0,100
2010-02-24,504.0,588.0,480.0,564.0,564.0,200
2010-02-25,588.0,588.0,504.0,516.0,516.0,100
2010-02-26,516.0,516.0,492.0,516.0,516.0,0
2010-03-01,492.0,540.0,456.0,480.0,480.0,100
2010-03-02,480.0,504.0,444.0,504.0,504.0,200
2010-03-03,492.0,504.0,432.0,504.0,504.0,0
2010-03-04,480.0,480.0,384.0,456.0,456.0,200
2010-03-05,420.0,456.0,384.0,432.0,432.0,100
2010-03-08,456.0,456.0,396.0,420.0,420.0,0
2010-03-09,420.0,420.0,372.0,408.0,408.0,0
2010-03-10,384.0,408.0,360.0,408.0,408.0,100
2010-03-11,372.0,396.0,360.0,372.0,372.0,0
2010-03-12,396.0,408.0,324.0,360.0,360.0,200
2010-03-15,360.0,360.0,336.0,360.0,360.0,0
2010-03-16,336.0,396.0,312.0,348.0,348.0,100
2010-03-17,348.0,348.0,276.0,336.0,336.0,100
2010-03-18,300.0,348.0,276.0,324.0,324.0,100
2010-03-19,276.0,372.0,276.0,372.0,372.0,100
2010-03-22,276.0,444.0,276.0,348.0,348.0,0
2010-03-23,360.0,360.0,336.0,360.0,360.0,0
2010-03-24,336.0,360.0,336.0,360.0,360.0,0
2010-03-25,408.0,408.0,300.0,360.0,360.0,0
2010-03-26,360.0,360.0,300.0,300.0,300.0,0
2010-03-29,300.0,336.0,300.0,336.0,336.0,0
2010-03-30,336.0,336.0,300.0,324.0,324.0,0
2010-03-31,276.0,324.0,276.0,300.0,300.0,0
2010-04-01,300.0,336.0,300.0,336.0,336.0,0
2010-04-05,336.0,336.0,276.0,276.0,276.0,0
2010-04-06,276.0,312.0,252.0,312.0,312.0,100
2010-04-07,264.0,288.0,252.0,288.0,288.0,100
2010-04-08,288.0,324.0,288.0,300.0,300.0,100
2010-04-09,300.0,360.0,300.0,348.0,348.0,0
2010-04-12,360.0,360.0,312.0,312.0,312.0,0
2010-04-13,324.0,324.0,252.0,288.0,288.0,0
2010-04-14,264.0,324.0,264.0,300.0,300.0,0
2010-04-15,324.0,336.0,264.0,324.0,324.0,100
2010-04-16,324.0,336.0,300.0,300.0,300.0,0
2010-04-19,264.0,336.0,264.0,336.0,336.0,0
2010-04-20,312.0,348.0,312.0,348.0,348.0,0
2010-04-21,348.0,348.0,276.0,336.0,336.0,0
2010-04-22,348.0,348.0,288.0,288.0,288.0,100
2010-04-23,300.0,348.0,300.0,348.0,348.0,0
2010-04-26,348.0,384.0,312.0,384.0,384.0,100
2010-04-27,324.0,384.0,324.0,360.0,360.0,0
2010-04-28,336.0,360.0,336.0,360.0,360.0,0
2010-04-29,336.0,360.0,336.0,360.0,360.0,0
2010-04-30,288.0,348.0,288.0,348.0,348.0,0
2010-05-03,348.0,348.0,276.0,300.0,300.0,0
2010-05-04,384.0,384.0,300.0,300.0,300.0,0
2010-05-05,300.0,360.0,300.0,348.0,348.0,0
2010-05-06,300.0,348.0,300.0,348.0,348.0,0
2010-05-07,300.0,336.0,264.0,288.0,288.0,100
2010-05-10,300.0,348.0,300.0,348.0,348.0,700
2010-05-11,336.0,348.0,312.0,324.0,324.0,200
2010-05-12,312.0,324.0,288.0,324.0,324.0,100
2010-05-13,324.0,336.0,288.0,336.0,336.0,100
2010-05-14,324.0,336.0,288.0,324.0,324.0,200
2010-05-17,312.0,336.0,288.0,336.0,336.0,200
2010-05-18,312.0,408.0,312.0,396.0,396.0,700
2010-05-19,444.0,480.0,288.0,312.0,312.0,2900
2010-05-20,300.0,336.0,288.0,288.0,288.0,200
2010-05-21,312.0,312.0,252.0,252.0,252.0,200
2010-05-24,252.0,288.0,228.0,288.0,288.0,200
2010-05-25,288.0,300.0,228.0,300.0,300.0,100
2010-05-26,228.0,300.0,228.0,288.0,288.0,100
2010-05-27,252.0,252.0,240.0,240.0,240.0,0
2010-05-28,228.0,300.0,228.0,300.0,300.0,100
2010-06-01,300.0,300.0,240.0,276.0,276.0,100
2010-06-02,288.0,288.0,252.0,264.0,264.0,0
2010-06-03,252.0,288.0,252.0,288.0,288.0,0
2010-06-04,288.0,288.0,252.0,252.0,252.0,0
2010-06-07,276.0,276.0,252.0,252.0,252.0,0
2010-06-08,252.0,276.0,240.0,264.0,264.0,0
2010-06-09,252.0,252.0,240.0,240.0,240.0,0
2010-06-10,228.0,240.0,216.0,228.0,228.0,100
2010-06-11,228.0,228.0,216.0,216.0,216.0,100
2010-06-14,216.0,228.0,204.0,204.0,204.0,100
2010-06-15,180.0,204.0,180.0,192.0,192.0,0
2010-06-16,192.0,192.0,168.0,180.0,180.0,100
2010-06-17,180.0,180.0,168.0,168.0,168.0,0
2010-06-18,192.0,192.0,168.0,168.0,168.0,0
2010-06-21,180.0,180.0,180.0,180.0,180.0,100
2010-06-22,180.0,192.0,180.0,192.0,192.0,0
2010-06-23,180.0,180.0,180.0,180.0,180.0,0
2010-06-24,180.0,180.0,168.0,180.0,180.0,100
2010-06-25,168.0,180.0,168.0,168.0,168.0,0
2010-06-28,156.0,156.0,156.0,156.0,156.0,0
2010-06-29,144.0,156.0,144.0,156.0,156.0,100
2010-06-30,144.0,168.0,132.0,168.0,168.0,100
2010-07-01,168.0,192.0,168.0,168.0,168.0,0
2010-07-02,192.0,192.0,168.0,180.0,180.0,0
2010-07-06,144.0,180.0,144.0,168.0,168.0,0
2010-07-07,180.0,180.0,180.0,180.0,180.0,0
2010-07-08,156.0,180.0,156.0,180.0,180.0,0
2010-07-09,180.0,180.0,156.0,180.0,180.0,0
2010-07-12,156.0,192.0,144.0,192.0,192.0,0
2010-07-13,144.0,180.0,144.0,144.0,144.0,100
2010-07-14,156.0,168.0,156.0,156.0,156.0,0
2010-07-15,180.0,180.0,168.0,168.0,168.0,0
2010-07-16,156.0,168.0,156.0,168.0,168.0,0
2010-07-19,156.0,180.0,156.0,180.0,180.0,0
2010-07-20,180.0,180.0,168.0,180.0,180.0,0
2010-07-21,180.0,180.0,180.0,180.0,180.0,0
2010-07-22,180.0,192.0,168.0,192.0,192.0,0
2010-07-23,192.0,192.0,192.0,192.0,192.0,0
2010-07-26,180.0,180.0,180.0,180.0,180.0,0
2010-07-27,168.0,204.0,168.0,204.0,204.0,0
2010-07-28,180.0,204.0,180.0,204.0,204.0,0
2010-07-29,204.0,204.0,204.0,204.0,204.0,0
2010-07-30,204.0,204.0,204.0,204.0,204.0,0
2010-08-02,204.0,216.0,192.0,216.0,216.0,0
2010-08-03,204.0,276.0,204.0,264.0,264.0,200
2010-08-04,288.0,324.0,264.0,288.0,288.0,400
2010-08-05,324.0,324.0,228.0,240.0,240.0,200
2010-08-06,264.0,264.0,228.0,252.0,252.0,0
2010-08-09,228.0,252.0,216.0,228.0,228.0,0
2010-08-10,204.0,228.0,204.0,204.0,204.0,100
2010-08-11,192.0,216.0,168.0,204.0,204.0,100
2010-08-12,168.0,168.0,156.0,168.0,168.0,0
2010-08-13,168.0,180.0,168.0,180.0,180.0,0
2010-08-16,180.0,180.0,180.0,180.0,180.0,0
2010-08-17,180.0,180.0,144.0,144.0,144.0,0
2010-08-18,156.0,168.0,120.0,120.0,120.0,400
2010-08-19,144.0,144.0,132.0,144.0,144.0,0
2010-08-20,144.0,156.0,144.0,144.0,144.0,0
2010-08-23,156.0,168.0,156.0,156.0,156.0,0
2010-08-24,156.0,168.0,156.0,156.0,156.0,100
2010-08-25,96.0,156.0,96.0,132.0,132.0,0
2010-08-26,144.0,144.0,144.0,144.0,144.0,0
2010-08-27,144.0,144.0,120.0,132.0,132.0,0
2010-08-30,132.0,132.0,120.0,120.0,120.0,0
2010-08-31,120.0,168.0,120.0,120.0,120.0,100
2010-09-01,168.0,168.0,144.0,144.0,144.0,0
2010-09-02,168.0,168.0,144.0,168.0,168.0,0
2010-09-03,144.0,204.0,144.0,144.0,144.0,200
2010-09-07,144.0,240.0,144.0,228.0,228.0,0
2010-09-08,228.0,228.0,180.0,216.0,216.0,0
2010-09-09,216.0,216.0,180.0,216.0,216.0,100
2010-09-10,216.0,216.0,204.0,216.0,216.0,100
2010-09-13,216.0,252.0,204.0,252.0,252.0,200
2010-09-14,252.0,264.0,192.0,228.0,228.0,0
2010-09-15,192.0,228.0,192.0,228.0,228.0,0
2010-09-16,228.0,228.0,204.0,204.0,204.0,0
2010-09-17,204.0,204.0,192.0,192.0,192.0,0
2010-09-20,192.0,216.0,180.0,216.0,216.0,0
2010-09-21,216.0,216.0,192.0,192.0,192.0,0
2010-09-22,216.0,216.0,180.0,204.0,204.0,0
2010-09-23,228.0,228.0,180.0,180.0,180.0,100
2010-09-24,216.0,216.0,180.0,180.0,180.0,0
2010-09-27,180.0,180.0,156.0,180.0,180.0,0
2010-09-28,180.0,180.0,156.0,156.0,156.0,100
2010-09-29,156.0,156.0,156.0,156.0,156.0,0
2010-09-30,156.0,180.0,156.0,168.0,168.0,100
2010-10-01,168.0,168.0,156.0,168.0,168.0,100
2010-10-04,168.0,168.0,132.0,132.0,132.0,300
2010-10-05,132.0,156.0,132.0,156.0,156.0,200
2010-10-06,156.0,156.0,144.0,144.0,144.0,0
2010-10-07,144.0,144.0,132.0,132.0,132.0,0
2010-10-08,144.0,192.0,144.0,168.0,168.0,400
2010-10-11,156.0,180.0,144.0,156.0,156.0,100
2010-10-12,168.0,180.0,156.0,180.0,180.0,100
2010-10-13,180.0,192.0,156.0,156.0,156.0,100
2010-10-14,168.0,192.0,168.0,192.0,192.0,100
2010-10-15,192.0,204.0,180.0,192.0,192.0,100
2010-10-18,204.0,204.0,180.0,180.0,180.0,0
2010-10-19,216.0,216.0,168.0,180.0,180.0,100
2010-10-20,180.0,192.0,180.0,192.0,192.0,0
2010-10-21,192.0,192.0,180.0,180.0,180.0,0
2010-10-22,192.0,192.0,168.0,192.0,192.0,0
2010-10-25,168.0,192.0,168.0,168.0,168.0,0
2010-10-26,168.0,180.0,144.0,168.0,168.0,100
2010-10-27,180.0,180.0,168.0,168.0,168.0,0
2010-10-28,180.0,180.0,156.0,168.0,168.0,0
2010-10-29,168.0,168.0,156.0,156.0,156.0,0
2010-11-01,144.0,156.0,144.0,156.0,156.0,0
2010-11-02,144.0,156.0,144.0,156.0,156.0,100
2010-11-03,144.0,180.0,144.0,180.0,180.0,0
2010-11-04,180.0,180.0,156.0,168.0,168.0,0
2010-11-05,180.0,192.0,180.0,192.0,192.0,0
2010-11-08,192.0,192.0,192.0,192.0,192.0,100
2010-11-09,192.0,192.0,168.0,180.0,180.0,0
2010-11-10,180.0,204.0,180.0,204.0,204.0,100
2010-11-11,204.0,204.0,204.0,204.0,204.0,0
2010-11-12,204.0,204.0,180.0,204.0,204.0,0
2010-11-15,204.0,204.0,192.0,204.0,204.0,100
2010-11-16,204.0,204.0,192.0,192.0,192.0,0
2010-11-17,204.0,204.0,192.0,192.0,192.0,100
2010-11-18,192.0,204.0,192.0,192.0,192.0,0
2010-11-19,204.0,216.0,192.0,216.0,216.0,100
2010-11-22,192.0,228.0,192.0,204.0,204.0,100
2010-11-23,192.0,240.0,192.0,228.0,228.0,0
2010-11-24,228.0,228.0,204.0,228.0,228.0,100
2010-11-26,228.0,240.0,204.0,204.0,204.0,0
2010-11-29,228.0,240.0,192.0,204.0,204.0,0
2010-11-30,216.0,300.0,204.0,300.0,300.0,200
2010-12-01,300.0,312.0,204.0,240.0,240.0,200
2010-12-02,240.0,240.0,228.0,240.0,240.0,0
2010-12-03,240.0,240.0,216.0,216.0,216.0,100
2010-12-06,216.0,240.0,216.0,228.0,228.0,0
2010-12-07,216.0,240.0,216.0,216.0,216.0,0
2010-12-08,228.0,228.0,228.0,228.0,228.0,0
2010-12-09,216.0,216.0,216.0,216.0,216.0,0
2010-12-10,216.0,228.0,204.0,228.0,228.0,0
2010-12-13,204.0,228.0,204.0,204.0,204.0,100
2010-12-14,216.0,216.0,204.0,204.0,204.0,0
2010-12-15,204.0,216.0,204.0,216.0,216.0,0
2010-12-16,216.0,216.0,204.0,204.0,204.0,0
2010-12-17,204.0,204.0,204.0,204.0,204.0,0
2010-12-20,204.0,216.0,204.0,216.0,216.0,0
2010-12-21,216.0,216.0,216.0,216.0,216.0,0
2010-12-22,216.0,228.0,216.0,216.0,216.0,0
2010-12-23,216.0,228.0,216.0,228.0,228.0,0
2010-12-27,228.0,228.0,216.0,216.0,216.0,0
2010-12-28,216.0,228.0,216.0,216.0,216.0,100
2010-12-29,216.0,216.0,204.0,204.0,204.0,0
2010-12-30,204.0,216.0,192.0,204.0,204.0,0
2010-12-31,204.0,216.0,192.0,204.0,204.0,100
2011-01-03,192.0,240.0,192.0,228.0,228.0,100
2011-01-04,240.0,240.0,216.0,216.0,216.0,0
2011-01-05,216.0,228.0,216.0,216.0,216.0,0
2011-01-06,228.0,228.0,204.0,216.0,216.0,0
2011-01-07,216.0,216.0,216.0,216.0,216.0,0
2011-01-10,204.0,216.0,204.0,216.0,216.0,0
2011-01-11,216.0,216.0,204.0,216.0,216.0,0
2011-01-12,216.0,216.0,204.0,216.0,216.0,100
2011-01-13,204.0,216.0,192.0,216.0,216.0,100
2011-01-14,216.0,216.0,192.0,192.0,192.0,100
2011-01-18,204.0,204.0,192.0,192.0,192.0,0
2011-01-19,192.0,216.0,192.0,216.0,216.0,0
2011-01-20,240.0,240.0,216.0,228.0,228.0,0
2011-01-21,240.0,240.0,204.0,216.0,216.0,0
2011-01-24,204.0,228.0,192.0,216.0,216.0,100
2011-01-25,216.0,228.0,192.0,216.0,216.0,0
2011-01-26,216.0,228.0,216.0,216.0,216.0,100
2011-01-27,216.0,216.0,204.0,204.0,204.0,0
2011-01-28,228.0,228.0,192.0,204.0,204.0,0
2011-01-31,192.0,204.0,192.0,204.0,204.0,0
2011-02-01,192.0,204.0,192.0,204.0,204.0,0
2011-02-02,204.0,204.0,192.0,192.0,192.0,0
2011-02-03,192.0,216.0,192.0,204.0,204.0,0
2011-02-04,192.0,192.0,192.0,192.0,192.0,0
2011-02-07,192.0,216.0,192.0,216.0,216.0,0
2011-02-08,216.0,216.0,192.0,192.0,192.0,0
2011-02-09,192.0,216.0,192.0,192.0,192.0,0
2011-02-10,192.0,192.0,192.0,192.0,192.0,0
2011-02-11,192.0,192.0,192.0,192.0,192.0,0
2011-02-14,192.0,192.0,192.0,192.0,192.0,0
2011-02-15,204.0,204.0,204.0,204.0,204.0,0
2011-02-16,204.0,216.0,204.0,204.0,204.0,100
2011-02-17,216.0,228.0,216.0,216.0,216.0,0
2011-02-18,216.0,216.0,192.0,216.0,216.0,0
2011-02-22,216.0,216.0,192.0,192.0,192.0,100
2011-02-23,192.0,216.0,192.0,216.0,216.0,0
2011-02-24,204.0,204.0,204.0,204.0,204.0,0
2011-02-25,204.0,204.0,204.0,204.0,204.0,0
2011-02-28,204.0,228.0,204.0,204.0,204.0,0
2011-03-01,204.0,216.0,204.0,204.0,204.0,0
2011-03-02,180.0,216.0,180.0,216.0,216.0,0
2011-03-03,216.0,216.0,204.0,216.0,216.0,0
2011-03-04,216.0,216.0,204.0,216.0,216.0,0
2011-03-07,204.0,204.0,204.0,204.0,204.0,0
2011-03-08,204.0,216.0,180.0,204.0,204.0,0
2011-03-09,216.0,276.0,216.0,228.0,228.0,100
2011-03-10,228.0,252.0,204.0,252.0,252.0,0
2011-03-11,252.0,264.0,204.0,252.0,252.0,0
2011-03-14,240.0,240.0,228.0,228.0,228.0,0
2011-03-15,240.0,240.0,228.0,228.0,228.0,0
2011-03-16,204.0,228.0,204.0,228.0,228.0,0
2011-03-17,228.0,240.0,228.0,228.0,228.0,0
2011-03-18,228.0,228.0,216.0,216.0,216.0,0
2011-03-21,216.0,240.0,204.0,216.0,216.0,0
2011-03-22,228.0,240.0,228.0,240.0,240.0,0
2011-03-23,240.0,240.0,240.0,240.0,240.0,0
2011-03-24,240.0,288.0,204.0,264.0,264.0,100
2011-03-25,252.0,264.0,204.0,252.0,252.0,100
2011-03-28,276.0,276.0,252.0,276.0,276.0,0
2011-03-29,276.0,360.0,276.0,348.0,348.0,100
2011-03-30,300.0,360.0,276.0,312.0,312.0,0
2011-03-31,312.0,336.0,288.0,336.0,336.0,0
2011-04-01,336.0,360.0,276.0,360.0,360.0,300
2011-04-04,288.0,420.0,288.0,420.0,420.0,600
2011-04-05,432.0,432.0,324.0,336.0,336.0,300
2011-04-06,360.0,384.0,348.0,384.0,384.0,100
2011-04-07,396.0,420.0,360.0,384.0,384.0,200
2011-04-08,396.0,396.0,348.0,384.0,384.0,200
2011-04-11,468.0,468.0,360.0,408.0,408.0,100
2011-04-12,396.0,408.0,396.0,408.0,408.0,100
2011-04-13,420.0,420.0,408.0,408.0,408.0,0
2011-04-14,408.0,408.0,396.0,408.0,408.0,0
2011-04-15,408.0,408.0,396.0,408.0,408.0,100
2011-04-18,384.0,420.0,384.0,384.0,384.0,0
2011-04-19,384.0,408.0,384.0,384.0,384.0,0
2011-04-20,384.0,408.0,360.0,372.0,372.0,100
2011-04-21,360.0,372.0,336.0,360.0,360.0,100
2011-04-25,360.0,360.0,300.0,300.0,300.0,100
2011-04-26,396.0,396.0,300.0,300.0,300.0,0
2011-04-27,324.0,324.0,300.0,324.0,324.0,100
2011-04-28,408.0,408.0,264.0,276.0,276.0,200
2011-04-29,288.0,324.0,288.0,300.0,300.0,100
2011-05-02,324.0,324.0,288.0,300.0,300.0,0
2011-05-03,264.0,324.0,252.0,300.0,300.0,100
2011-05-04,276.0,276.0,228.0,240.0,240.0,300
2011-05-05,240.0,264.0,228.0,228.0,228.0,100
2011-05-06,204.0,300.0,204.0,252.0,252.0,0
2011-05-09,288.0,288.0,216.0,288.0,288.0,100
2011-05-10,240.0,300.0,240.0,288.0,288.0,0
2011-05-11,252.0,252.0,240.0,240.0,240.0,100
2011-05-12,216.0,276.0,216.0,240.0,240.0,0
2011-05-13,240.0,264.0,216.0,240.0,240.0,100
2011-05-16,264.0,264.0,240.0,240.0,240.0,0
2011-05-17,228.0,264.0,228.0,264.0,264.0,0
2011-05-18,228.0,252.0,228.0,252.0,252.0,0
2011-05-19,240.0,240.0,216.0,228.0,228.0,200
2011-05-20,240.0,252.0,228.0,228.0,228.0,100
2011-05-23,240.0,252.0,216.0,216.0,216.0,0
2011-05-24,216.0,264.0,216.0,228.0,228.0,0
2011-05-25,252.0,300.0,228.0,228.0,228.0,100
2011-05-26,348.0,348.0,216.0,228.0,228.0,0
2011-05-27,264.0,264.0,216.0,228.0,228.0,0
2011-05-31,216.0,240.0,204.0,216.0,216.0,100
2011-06-01,240.0,240.0,228.0,228.0,228.0,0
2011-06-02,204.0,228.0,204.0,228.0,228.0,0
2011-06-03,228.0,228.0,216.0,216.0,216.0,0
2011-06-06,216.0,216.0,204.0,204.0,204.0,0
2011-06-07,216.0,228.0,204.0,204.0,204.0,0
2011-06-08,216.0,216.0,192.0,204.0,204.0,100
2011-06-09,204.0,204.0,204.0,204.0,204.0,0
2011-06-10,180.0,204.0,180.0,204.0,204.0,0
2011-06-13,204.0,204.0,180.0,180.0,180.0,0
2011-06-14,180.0,204.0,180.0,180.0,180.0,0
2011-06-15,180.0,216.0,180.0,216.0,216.0,0
2011-06-16,228.0,276.0,216.0,276.0,276.0,200
2011-06-17,300.0,300.0,240.0,240.0,240.0,0
2011-06-20,240.0,300.0,228.0,228.0,228.0,0
2011-06-21,240.0,252.0,216.0,240.0,240.0,100
2011-06-22,240.0,288.0,240.0,288.0,288.0,100
2011-06-23,288.0,324.0,288.0,312.0,312.0,100
2011-06-24,324.0,456.0,312.0,348.0,348.0,100
2011-06-27,312.0,360.0,312.0,324.0,324.0,100
2011-06-28,456.0,456.0,300.0,336.0,336.0,0
2011-06-29,276.0,360.0,276.0,324.0,324.0,0
2011-06-30,288.0,336.0,288.0,300.0,300.0,0
2011-07-01,300.0,348.0,300.0,324.0,324.0,0
2011-07-05,324.0,324.0,324.0,324.0,324.0,0
2011-07-06,324.0,348.0,288.0,288.0,288.0,0
2011-07-07,336.0,336.0,288.0,312.0,312.0,0
2011-07-08,324.0,324.0,300.0,312.0,312.0,0
2011-07-11,300.0,336.0,300.0,336.0,336.0,0
2011-07-12,336.0,336.0,288.0,300.0,300.0,0
2011-07-13,156.0,300.0,156.0,300.0,300.0,0
2011-07-14,264.0,300.0,264.0,264.0,264.0,0
2011-07-15,264.0,300.0,264.0,288.0,288.0,100
2011-07-18,300.0,336.0,240.0,336.0,336.0,0
2011-07-19,324.0,336.0,240.0,300.0,300.0,0
2011-07-20,240.0,312.0,240.0,300.0,300.0,0
2011-07-21,300.0,324.0,300.0,324.0,324.0,0
2011-07-22,324.0,324.0,252.0,324.0,324.0,0
2011-07-25,324.0,324.0,288.0,312.0,312.0,0
2011-07-26,324.0,324.0,300.0,324.0,324.0,0
2011-07-27,324.0,324.0,276.0,312.0,312.0,0
2011-07-28,300.0,312.0,288.0,312.0,312.0,0
2011-07-29,288.0,312.0,288.0,312.0,312.0,0
2011-08-01,324.0,336.0,288.0,312.0,312.0,100
2011-08-02,288.0,336.0,288.0,300.0,300.0,0
2011-08-03,312.0,324.0,288.0,300.0,300.0,0
2011-08-04,288.0,336.0,288.0,336.0,336.0,0
2011-08-05,276.0,312.0,276.0,300.0,300.0,100
2011-08-08,300.0,300.0,216.0,276.0,276.0,100
2011-08-09,216.0,276.0,216.0,264.0,264.0,0
2011-08-10,264.0,276.0,264.0,276.0,276.0,0
2011-08-11,276.0,288.0,276.0,288.0,288.0,0
2011-08-12,288.0,336.0,288.0,300.0,300.0,200
2011-08-15,240.0,288.0,240.0,252.0,252.0,100
2011-08-16,276.0,300.0,252.0,252.0,252.0,0
2011-08-17,228.0,276.0,228.0,240.0,240.0,0
2011-08-18,264.0,264.0,216.0,240.0,240.0,100
2011-08-19,192.0,240.0,192.0,240.0,240.0,0
2011-08-22,240.0,240.0,216.0,240.0,240.0,100
2011-08-23,240.0,240.0,216.0,240.0,240.0,0
2011-08-24,300.0,300.0,240.0,240.0,240.0,0
2011-08-25,216.0,240.0,204.0,228.0,228.0,200
2011-08-26,228.0,228.0,228.0,228.0,228.0,0
2011-08-29,228.0,240.0,228.0,240.0,240.0,0
2011-08-30,240.0,252.0,240.0,252.0,252.0,0
2011-08-31,252.0,252.0,228.0,240.0,240.0,0
2011-09-01,240.0,252.0,216.0,240.0,240.0,0
2011-09-02,240.0,240.0,240.0,240.0,240.0,0
2011-09-06,240.0,252.0,240.0,252.0,252.0,0
2011-09-07,240.0,240.0,216.0,216.0,216.0,0
2011-09-08,252.0,252.0,252.0,252.0,252.0,0
2011-09-09,252.0,252.0,252.0,252.0,252.0,0
2011-09-12,252.0,252.0,228.0,228.0,228.0,0
2011-09-13,216.0,240.0,216.0,240.0,240.0,0
2011-09-14,240.0,252.0,228.0,252.0,252.0,0
2011-09-15,240.0,240.0,204.0,240.0,240.0,0
2011-09-16,240.0,240.0,240.0,240.0,240.0,0
2011-09-19,204.0,240.0,204.0,240.0,240.0,0
2011-09-20,204.0,228.0,204.0,228.0,228.0,0
2011-09-21,204.0,228.0,204.0,204.0,204.0,0
2011-09-22,204.0,204.0,204.0,204.0,204.0,0
2011-09-23,228.0,240.0,204.0,228.0,228.0,100
2011-09-26,228.0,228.0,228.0,228.0,228.0,0
2011-09-27,204.0,228.0,192.0,228.0,228.0,100
2011-09-28,228.0,228.0,204.0,204.0,204.0,0
2011-09-29,180.0,204.0,180.0,192.0,192.0,0
2011-09-30,204.0,204.0,180.0,180.0,180.0,0
2011-10-03,144.0,204.0,144.0,180.0,180.0,0
2011-10-04,180.0,192.0,180.0,192.0,192.0,0
2011-10-05,144.0,192.0,144.0,192.0,192.0,0
2011-10-06,192.0,192.0,156.0,192.0,192.0,100
2011-10-07,204.0,204.0,180.0,204.0,204.0,800
2011-10-10,204.0,228.0,204.0,228.0,228.0,200
2011-10-11,240.0,252.0,216.0,240.0,240.0,300
2011-10-12,228.0,240.0,228.0,228.0,228.0,0
2011-10-13,228.0,240.0,228.0,240.0,240.0,0
2011-10-14,240.0,240.0,240.0,240.0,240.0,0
2011-10-17,228.0,228.0,204.0,204.0,204.0,0
2011-10-18,216.0,240.0,192.0,240.0,240.0,100
2011-10-19,180.0,228.0,180.0,228.0,228.0,100
2011-10-20,168.0,228.0,168.0,228.0,228.0,100
2011-10-21,216.0,228.0,204.0,228.0,228.0,500
2011-10-24,240.0,300.0,240.0,252.0,252.0,1200
2011-10-25,252.0,288.0,252.0,264.0,264.0,500
2011-10-26,276.0,276.0,252.0,252.0,252.0,400
2011-10-27,276.0,312.0,264.0,276.0,276.0,1600
2011-10-28,288.0,300.0,264.0,300.0,300.0,600
2011-10-31,288.0,312.0,264.0,264.0,264.0,500
2011-11-01,276.0,276.0,252.0,276.0,276.0,200
2011-11-02,252.0,288.0,228.0,264.0,264.0,300
2011-11-03,240.0,252.0,228.0,240.0,240.0,200
2011-11-04,228.0,240.0,228.0,240.0,240.0,100
2011-11-07,240.0,240.0,204.0,240.0,240.0,200
2011-11-08,228.0,240.0,228.0,240.0,240.0,100
2011-11-09,228.0,240.0,204.0,228.0,228.0,300
2011-11-10,204.0,228.0,204.0,216.0,216.0,0
2011-11-11,228.0,228.0,216.0,228.0,228.0,0
2011-11-14,216.0,228.0,204.0,204.0,204.0,200
2011-11-15,228.0,228.0,204.0,228.0,228.0,100
2011-11-16,228.0,240.0,216.0,216.0,216.0,100
2011-11-17,216.0,228.0,204.0,204.0,204.0,100
2011-11-18,216.0,312.0,216.0,288.0,288.0,1300
2011-11-21,300.0,324.0,264.0,288.0,288.0,800
2011-11-22,264.0,288.0,252.0,276.0,276.0,100
2011-11-23,228.0,288.0,228.0,288.0,288.0,100
2011-11-25,276.0,276.0,264.0,264.0,264.0,200
2011-11-28,264.0,288.0,252.0,264.0,264.0,400
2011-11-29,264.0,264.0,228.0,264.0,264.0,200
2011-11-30,240.0,276.0,240.0,276.0,276.0,100
2011-12-01,276.0,276.0,252.0,264.0,264.0,100
2011-12-02,264.0,276.0,240.0,276.0,276.0,200
2011-12-05,252.0,276.0,240.0,264.0,264.0,200
2011-12-06,240.0,264.0,240.0,240.0,240.0,100
2011-12-07,276.0,276.0,228.0,252.0,252.0,100
2011-12-08,240.0,264.0,240.0,240.0,240.0,100
2011-12-09,240.0,252.0,240.0,240.0,240.0,0
2011-12-12,240.0,240.0,228.0,228.0,228.0,100
2011-12-13,228.0,228.0,204.0,228.0,228.0,100
2011-12-14,228.0,228.0,204.0,204.0,204.0,200
2011-12-15,204.0,204.0,192.0,192.0,192.0,100
2011-12-16,192.0,204.0,180.0,204.0,204.0,100
2011-12-19,204.0,204.0,192.0,192.0,192.0,100
2011-12-20,192.0,192.0,192.0,192.0,192.0,0
2011-12-21,192.0,204.0,180.0,192.0,192.0,100
2011-12-22,204.0,216.0,180.0,204.0,204.0,0
2011-12-23,216.0,216.0,216.0,216.0,216.0,0
2011-12-27,180.0,192.0,180.0,180.0,180.0,0
2011-12-28,180.0,204.0,180.0,180.0,180.0,100
2011-12-29,180.0,228.0,168.0,204.0,204.0,0
2011-12-30,204.0,204.0,180.0,180.0,180.0,0
2012-01-03,180.0,192.0,180.0,180.0,180.0,0
2012-01-04,192.0,204.0,192.0,204.0,204.0,0
2012-01-05,180.0,216.0,180.0,216.0,216.0,0
2012-01-06,192.0,216.0,192.0,192.0,192.0,0
2012-01-09,204.0,204.0,192.0,192.0,192.0,0
2012-01-10,192.0,192.0,168.0,192.0,192.0,100
2012-01-11,192.0,192.0,192.0,192.0,192.0,0
2012-01-12,192.0,204.0,192.0,192.0,192.0,100
2012-01-13,192.0,204.0,192.0,204.0,204.0,0
2012-01-17,204.0,216.0,204.0,204.0,204.0,0
2012-01-18,168.0,216.0,168.0,216.0,216.0,200
2012-01-19,216.0,228.0,180.0,192.0,192.0,100
2012-01-20,192.0,216.0,192.0,192.0,192.0,0
2012-01-23,216.0,216.0,180.0,204.0,204.0,100
2012-01-24,204.0,216.0,192.0,192.0,192.0,100
2012-01-25,204.0,204.0,180.0,192.0,192.0,100
2012-01-26,192.0,204.0,180.0,180.0,180.0,0
2012-01-27,180.0,204.0,120.0,192.0,192.0,200
2012-01-30,192.0,204.0,192.0,204.0,204.0,0
2012-01-31,192.0,192.0,192.0,192.0,192.0,0
2012-02-01,192.0,192.0,180.0,192.0,192.0,0
2012-02-02,192.0,192.0,180.0,192.0,192.0,0
2012-02-03,192.0,204.0,192.0,204.0,204.0,100
2012-02-06,204.0,204.0,180.0,192.0,192.0,100
2012-02-07,180.0,204.0,180.0,192.0,192.0,100
2012-02-08,204.0,204.0,192.0,204.0,204.0,100
2012-02-09,192.0,204.0,180.0,204.0,204.0,100
2012-02-10,192.0,204.0,192.0,204.0,204.0,0
2012-02-13,204.0,216.0,192.0,216.0,216.0,100
2012-02-14,204.0,216.0,204.0,216.0,216.0,0
2012-02-15,216.0,216.0,204.0,216.0,216.0,0
2012-02-16,216.0,216.0,204.0,216.0,216.0,0
2012-02-17,204.0,216.0,180.0,192.0,192.0,100
2012-02-21,204.0,204.0,192.0,192.0,192.0,0
2012-02-22,192.0,204.0,192.0,204.0,204.0,0
2012-02-23,204.0,204.0,192.0,204.0,204.0,0
2012-02-24,180.0,204.0,180.0,204.0,204.0,0
2012-02-27,204.0,204.0,192.0,204.0,204.0,100
2012-02-28,204.0,204.0,180.0,192.0,192.0,100
2012-02-29,192.0,192.0,192.0,192.0,192.0,0
2012-03-01,192.0,192.0,192.0,192.0,192.0,0
2012-03-02,192.0,204.0,192.0,192.0,192.0,0
2012-03-05,192.0,192.0,192.0,192.0,192.0,0
2012-03-06,192.0,192.0,192.0,192.0,192.0,0
2012-03-07,204.0,204.0,192.0,204.0,204.0,100
2012-03-08,192.0,192.0,192.0,192.0,192.0,0
2012-03-09,180.0,192.0,180.0,192.0,192.0,0
2012-03-12,192.0,192.0,180.0,180.0,180.0,100
2012-03-13,192.0,192.0,180.0,192.0,192.0,0
2012-03-14,180.0,192.0,180.0,192.0,192.0,0
2012-03-15,180.0,180.0,180.0,180.0,180.0,0
2012-03-16,192.0,192.0,192.0,192.0,192.0,0
2012-03-19,180.0,180.0,180.0,180.0,180.0,0
2012-03-20,192.0,204.0,192.0,204.0,204.0,0
2012-03-21,204.0,204.0,192.0,204.0,204.0,0
2012-03-22,180.0,180.0,180.0,180.0,180.0,0
2012-03-23,180.0,204.0,180.0,204.0,204.0,0
2012-03-26,192.0,192.0,180.0,192.0,192.0,0
2012-03-27,192.0,192.0,180.0,180.0,180.0,0
2012-03-28,180.0,192.0,168.0,192.0,192.0,0
2012-03-29,192.0,192.0,192.0,192.0,192.0,0
2012-03-30,192.0,192.0,168.0,180.0,180.0,0
2012-04-02,192.0,192.0,180.0,180.0,180.0,0
2012-04-03,180.0,204.0,180.0,204.0,204.0,1300
2012-04-04,192.0,228.0,180.0,228.0,228.0,800
2012-04-05,228.0,288.0,216.0,288.0,288.0,300
2012-04-09,264.0,312.0,264.0,288.0,288.0,300
2012-04-10,288.0,300.0,264.0,276.0,276.0,300
2012-04-11,252.0,300.0,252.0,300.0,300.0,300
2012-04-12,300.0,324.0,300.0,312.0,312.0,600
2012-04-13,312.0,324.0,300.0,312.0,312.0,1000
2012-04-16,324.0,324.0,216.0,264.0,264.0,3000
2012-04-17,216.0,264.0,216.0,264.0,264.0,400
2012-04-18,312.0,324.0,288.0,288.0,288.0,2000
2012-04-19,300.0,312.0,252.0,264.0,264.0,700
2012-04-20,264.0,264.0,216.0,240.0,240.0,900
2012-04-23,240.0,240.0,204.0,240.0,240.0,600
2012-04-24,240.0,240.0,204.0,228.0,228.0,400
2012-04-25,216.0,240.0,216.0,240.0,240.0,200
2012-04-26,216.0,240.0,204.0,216.0,216.0,200
2012-04-27,204.0,240.0,204.0,240.0,240.0,200
2012-04-30,216.0,228.0,204.0,228.0,228.0,100
2012-05-01,216.0,228.0,204.0,216.0,216.0,100
2012-05-02,216.0,228.0,216.0,228.0,228.0,100
2012-05-03,216.0,228.0,204.0,216.0,216.0,100
2012-05-04,216.0,228.0,192.0,204.0,204.0,400
2012-05-07,216.0,216.0,180.0,216.0,216.0,100
2012-05-08,204.0,204.0,180.0,204.0,204.0,300
2012-05-09,192.0,216.0,180.0,216.0,216.0,100
2012-05-10,192.0,216.0,192.0,204.0,204.0,0
2012-05-11,192.0,204.0,192.0,204.0,204.0,0
2012-05-14,204.0,204.0,180.0,192.0,192.0,200
2012-05-15,192.0,192.0,180.0,192.0,192.0,100
2012-05-16,192.0,204.0,180.0,192.0,192.0,200
2012-05-17,204.0,204.0,180.0,180.0,180.0,100
2012-05-18,180.0,192.0,180.0,192.0,192.0,0
2012-05-21,192.0,204.0,180.0,180.0,180.0,0
2012-05-22,192.0,204.0,192.0,204.0,204.0,0
2012-05-23,180.0,192.0,168.0,180.0,180.0,300
2012-05-24,168.0,180.0,168.0,180.0,180.0,100
2012-05-25,192.0,192.0,168.0,180.0,180.0,0
2012-05-29,168.0,180.0,168.0,180.0,180.0,200
2012-05-30,180.0,180.0,168.0,168.0,168.0,100
2012-05-31,180.0,180.0,168.0,168.0,168.0,100
2012-06-01,168.0,168.0,144.0,144.0,144.0,200
2012-06-04,144.0,156.0,144.0,156.0,156.0,100
2012-06-05,156.0,156.0,144.0,156.0,156.0,100
2012-06-06,156.0,168.0,132.0,156.0,156.0,100
2012-06-07,156.0,168.0,156.0,168.0,168.0,200
2012-06-08,168.0,168.0,168.0,168.0,168.0,200
2012-06-11,180.0,180.0,168.0,168.0,168.0,100
2012-06-12,168.0,168.0,144.0,144.0,144.0,100
2012-06-13,144.0,156.0,144.0,144.0,144.0,0
2012-06-14,168.0,168.0,144.0,168.0,168.0,0
2012-06-15,168.0,168.0,156.0,156.0,156.0,0
2012-06-18,144.0,168.0,144.0,156.0,156.0,100
2012-06-19,144.0,168.0,144.0,144.0,144.0,100
2012-06-20,156.0,156.0,144.0,144.0,144.0,0
2012-06-21,144.0,144.0,132.0,132.0,132.0,100
2012-06-22,132.0,168.0,132.0,144.0,144.0,300
2012-06-25,132.0,144.0,132.0,132.0,132.0,0
2012-06-26,132.0,156.0,132.0,144.0,144.0,0
2012-06-27,156.0,156.0,144.0,144.0,144.0,0
2012-06-28,156.0,156.0,144.0,156.0,156.0,0
2012-06-29,144.0,156.0,144.0,144.0,144.0,100
2012-07-02,144.0,144.0,132.0,144.0,144.0,0
2012-07-03,132.0,144.0,120.0,132.0,132.0,0
2012-07-05,120.0,132.0,120.0,132.0,132.0,100
2012-07-06,132.0,144.0,132.0,132.0,132.0,0
2012-07-09,144.0,144.0,132.0,144.0,144.0,200
2012-07-10,144.0,144.0,144.0,144.0,144.0,100
2012-07-11,132.0,132.0,132.0,132.0,132.0,0
2012-07-12,144.0,144.0,132.0,144.0,144.0,0
2012-07-13,144.0,144.0,132.0,132.0,132.0,0
2012-07-16,120.0,132.0,120.0,132.0,132.0,200
2012-07-17,120.0,132.0,96.0,120.0,120.0,300
2012-07-18,120.0,120.0,120.0,120.0,120.0,100
2012-07-19,108.0,144.0,108.0,108.0,108.0,100
2012-07-20,120.0,120.0,108.0,120.0,120.0,0
2012-07-23,120.0,120.0,108.0,120.0,120.0,100
2012-07-24,108.0,120.0,108.0,108.0,108.0,0
2012-07-25,120.0,120.0,108.0,120.0,120.0,100
2012-07-26,120.0,120.0,108.0,120.0,120.0,0
2012-07-27,108.0,144.0,108.0,120.0,120.0,100
2012-07-30,120.0,120.0,120.0,120.0,120.0,0
2012-07-31,120.0,120.0,108.0,108.0,108.0,100
2012-08-01,108.0,108.0,108.0,108.0,108.0,0
2012-08-02,108.0,108.0,108.0,108.0,108.0,0
2012-08-03,132.0,132.0,120.0,120.0,120.0,0
2012-08-06,120.0,168.0,120.0,168.0,168.0,500
2012-08-07,168.0,168.0,132.0,144.0,144.0,500
2012-08-08,144.0,156.0,144.0,144.0,144.0,100
2012-08-09,156.0,156.0,144.0,156.0,156.0,200
2012-08-10,156.0,156.0,120.0,132.0,132.0,700
2012-08-13,120.0,144.0,120.0,120.0,120.0,300
2012-08-14,156.0,156.0,132.0,144.0,144.0,500
2012-08-15,156.0,156.0,144.0,156.0,156.0,300
2012-08-16,156.0,168.0,132.0,144.0,144.0,300
2012-08-17,156.0,180.0,144.0,180.0,180.0,200
2012-08-20,180.0,192.0,180.0,192.0,192.0,300
2012-08-21,192.0,192.0,132.0,156.0,156.0,600
2012-08-22,144.0,156.0,144.0,156.0,156.0,200
2012-08-23,144.0,156.0,144.0,144.0,144.0,200
2012-08-24,144.0,180.0,144.0,168.0,168.0,300
2012-08-27,168.0,180.0,156.0,168.0,168.0,100
2012-08-28,168.0,180.0,168.0,168.0,168.0,200
2012-08-29,168.0,168.0,156.0,168.0,168.0,100
2012-08-30,144.0,168.0,144.0,144.0,144.0,200
2012-08-31,156.0,156.0,144.0,144.0,144.0,100
2012-09-04,156.0,156.0,144.0,156.0,156.0,100
2012-09-05,144.0,168.0,144.0,156.0,156.0,100
2012-09-06,144.0,156.0,144.0,156.0,156.0,300
2012-09-07,156.0,156.0,156.0,156.0,156.0,0
2012-09-10,156.0,156.0,156.0,156.0,156.0,0
2012-09-11,156.0,180.0,156.0,156.0,156.0,200
2012-09-12,156.0,156.0,144.0,144.0,144.0,200
2012-09-13,156.0,156.0,144.0,144.0,144.0,100
2012-09-14,180.0,180.0,144.0,156.0,156.0,200
2012-09-17,156.0,168.0,156.0,156.0,156.0,200
2012-09-18,156.0,156.0,156.0,156.0,156.0,200
2012-09-19,156.0,156.0,156.0,156.0,156.0,100
2012-09-20,156.0,156.0,156.0,156.0,156.0,100
2012-09-21,156.0,156.0,156.0,156.0,156.0,0
2012-09-24,156.0,156.0,156.0,156.0,156.0,200
2012-09-25,156.0,168.0,156.0,156.0,156.0,200
2012-09-26,156.0,156.0,144.0,144.0,144.0,200
2012-09-27,144.0,156.0,144.0,144.0,144.0,100
2012-09-28,144.0,156.0,144.0,144.0,144.0,0
2012-10-01,144.0,156.0,144.0,156.0,156.0,100
2012-10-02,156.0,156.0,144.0,144.0,144.0,100
2012-10-03,144.0,144.0,144.0,144.0,144.0,200
2012-10-04,144.0,144.0,144.0,144.0,144.0,200
2012-10-05,144.0,156.0,144.0,144.0,144.0,100
2012-10-08,144.0,144.0,144.0,144.0,144.0,100
2012-10-09,144.0,144.0,132.0,132.0,132.0,100
2012-10-10,132.0,144.0,132.0,144.0,144.0,0
2012-10-11,144.0,144.0,120.0,144.0,144.0,100
2012-10-12,144.0,144.0,120.0,132.0,132.0,100
2012-10-15,132.0,144.0,132.0,144.0,144.0,0
2012-10-16,132.0,132.0,120.0,132.0,132.0,0
2012-10-17,132.0,132.0,132.0,132.0,132.0,0
2012-10-18,132.0,132.0,132.0,132.0,132.0,0
2012-10-19,132.0,132.0,132.0,132.0,132.0,100
2012-10-22,132.0,132.0,132.0,132.0,132.0,0
2012-10-23,132.0,132.0,132.0,132.0,132.0,0
2012-10-24,132.0,132.0,120.0,120.0,120.0,400
2012-10-25,120.0,120.0,96.0,108.0,108.0,400
2012-10-26,108.0,108.0,96.0,96.0,96.0,200
2012-10-31,96.0,132.0,96.0,132.0,132.0,400
2012-11-01,144.0,144.0,132.0,132.0,132.0,300
2012-11-02,132.0,132.0,132.0,132.0,132.0,200
2012-11-05,132.0,144.0,132.0,144.0,144.0,200
2012-11-06,144.0,144.0,132.0,132.0,132.0,100
2012-11-07,132.0,144.0,132.0,144.0,144.0,200
2012-11-08,144.0,156.0,144.0,144.0,144.0,100
2012-11-09,156.0,156.0,132.0,156.0,156.0,200
2012-11-12,156.0,156.0,144.0,156.0,156.0,100
2012-11-13,144.0,156.0,144.0,144.0,144.0,100
2012-11-14,144.0,156.0,144.0,156.0,156.0,200
2012-11-15,144.0,156.0,144.0,156.0,156.0,100
2012-11-16,144.0,156.0,132.0,132.0,132.0,200
2012-11-19,144.0,156.0,132.0,132.0,132.0,100
2012-11-20,132.0,144.0,132.0,144.0,144.0,200
2012-11-21,144.0,144.0,132.0,132.0,132.0,100
2012-11-23,144.0,144.0,132.0,144.0,144.0,100
2012-11-26,144.0,144.0,132.0,144.0,144.0,100
2012-11-27,144.0,144.0,132.0,132.0,132.0,200
2012-11-28,132.0,144.0,120.0,132.0,132.0,300
2012-11-29,132.0,132.0,120.0,120.0,120.0,300
2012-11-30,120.0,120.0,108.0,108.0,108.0,400
2012-12-03,120.0,132.0,108.0,108.0,108.0,100
2012-12-04,120.0,132.0,108.0,120.0,120.0,400
2012-12-05,120.0,132.0,120.0,132.0,132.0,100
2012-12-06,132.0,132.0,120.0,120.0,120.0,200
2012-12-07,120.0,120.0,108.0,120.0,120.0,200
2012-12-10,108.0,120.0,108.0,108.0,108.0,200
2012-12-11,108.0,120.0,108.0,120.0,120.0,200
2012-12-12,120.0,120.0,108.0,108.0,108.0,300
2012-12-13,108.0,120.0,84.0,96.0,96.0,600
2012-12-14,96.0,108.0,96.0,108.0,108.0,200
2012-12-17,108.0,120.0,108.0,120.0,120.0,200
2012-12-18,120.0,144.0,120.0,144.0,144.0,300
2012-12-19,144.0,144.0,108.0,132.0,132.0,200
2012-12-20,132.0,132.0,108.0,120.0,120.0,100
2012-12-21,120.0,132.0,120.0,120.0,120.0,100
2012-12-24,132.0,132.0,120.0,120.0,120.0,100
2012-12-26,120.0,120.0,120.0,120.0,120.0,0
2012-12-27,120.0,120.0,108.0,120.0,120.0,100
2012-12-28,120.0,144.0,108.0,144.0,144.0,200
2012-12-31,144.0,144.0,132.0,144.0,144.0,100
2013-01-02,144.0,156.0,132.0,132.0,132.0,100
2013-01-03,132.0,156.0,132.0,156.0,156.0,500
2013-01-04,156.0,156.0,132.0,144.0,144.0,600
2013-01-07,144.0,156.0,144.0,144.0,144.0,600
2013-01-08,156.0,156.0,144.0,156.0,156.0,200
2013-01-09,144.0,168.0,144.0,156.0,156.0,300
2013-01-10,156.0,156.0,144.0,144.0,144.0,500
2013-01-11,144.0,144.0,144.0,144.0,144.0,300
2013-01-14,144.0,144.0,132.0,132.0,132.0,300
2013-01-15,132.0,132.0,120.0,120.0,120.0,400
2013-01-16,120.0,132.0,120.0,132.0,132.0,200
2013-01-17,132.0,132.0,120.0,120.0,120.0,300
2013-01-18,120.0,132.0,120.0,120.0,120.0,900
2013-01-22,120.0,168.0,120.0,144.0,144.0,1000
2013-01-23,144.0,156.0,144.0,156.0,156.0,400
2013-01-24,156.0,156.0,144.0,156.0,156.0,600
2013-01-25,156.0,168.0,156.0,168.0,168.0,700
2013-01-28,168.0,192.0,168.0,180.0,180.0,800
2013-01-29,180.0,192.0,180.0,180.0,180.0,400
2013-01-30,180.0,192.0,180.0,192.0,192.0,300
2013-01-31,192.0,192.0,180.0,180.0,180.0,400
2013-02-01,168.0,192.0,156.0,168.0,168.0,300
2013-02-04,168.0,168.0,156.0,168.0,168.0,200
2013-02-05,168.0,180.0,168.0,168.0,168.0,300
2013-02-06,168.0,168.0,144.0,144.0,144.0,400
2013-02-07,144.0,156.0,144.0,144.0,144.0,400
2013-02-08,144.0,144.0,144.0,144.0,144.0,300
2013-02-11,156.0,180.0,144.0,156.0,156.0,400
2013-02-12,156.0,156.0,144.0,144.0,144.0,200
2013-02-13,144.0,156.0,144.0,144.0,144.0,400
2013-02-14,144.0,156.0,144.0,156.0,156.0,300
2013-02-15,156.0,156.0,144.0,144.0,144.0,200
2013-02-19,144.0,144.0,144.0,144.0,144.0,200
2013-02-20,144.0,156.0,144.0,144.0,144.0,200
2013-02-21,144.0,144.0,144.0,144.0,144.0,200
2013-02-22,144.0,144.0,132.0,144.0,144.0,400
2013-02-25,144.0,144.0,120.0,132.0,132.0,400
2013-02-26,132.0,144.0,132.0,144.0,144.0,300
2013-02-27,144.0,144.0,120.0,132.0,132.0,300
2013-02-28,132.0,132.0,120.0,120.0,120.0,300
2013-03-01,120.0,132.0,120.0,120.0,120.0,600
2013-03-04,120.0,120.0,108.0,108.0,108.0,300
2013-03-05,120.0,120.0,108.0,120.0,120.0,300
2013-03-06,120.0,144.0,120.0,132.0,132.0,800
2013-03-07,144.0,144.0,132.0,132.0,132.0,300
2013-03-08,132.0,144.0,132.0,144.0,144.0,300
2013-03-11,144.0,144.0,144.0,144.0,144.0,400
2013-03-12,144.0,156.0,144.0,144.0,144.0,100
2013-03-13,144.0,144.0,132.0,144.0,144.0,400
2013-03-14,132.0,144.0,132.0,132.0,132.0,300
2013-03-15,132.0,144.0,120.0,144.0,144.0,500
2013-03-18,132.0,144.0,120.0,120.0,120.0,400
2013-03-19,132.0,144.0,120.0,132.0,132.0,300
2013-03-20,144.0,144.0,132.0,132.0,132.0,200
2013-03-21,132.0,132.0,132.0,132.0,132.0,100
2013-03-22,132.0,144.0,120.0,120.0,120.0,300
2013-03-25,132.0,132.0,120.0,120.0,120.0,200
2013-03-26,120.0,132.0,120.0,120.0,120.0,100
2013-03-27,132.0,132.0,120.0,120.0,120.0,200
2013-03-28,120.0,120.0,108.0,120.0,120.0,500
2013-04-01,120.0,120.0,120.0,120.0,120.0,300
2013-04-02,120.0,120.0,120.0,120.0,120.0,100
2013-04-03,120.0,120.0,108.0,120.0,120.0,300
2013-04-04,120.0,120.0,108.0,108.0,108.0,400
2013-04-05,108.0,132.0,108.0,108.0,108.0,200
2013-04-08,120.0,132.0,108.0,108.0,108.0,200
2013-04-09,120.0,132.0,120.0,132.0,132.0,200
2013-04-10,120.0,132.0,108.0,108.0,108.0,600
2013-04-11,96.0,120.0,96.0,108.0,108.0,300
2013-04-12,108.0,120.0,96.0,96.0,96.0,900
2013-04-15,96.0,108.0,84.0,84.0,84.0,1000
2013-04-16,84.0,96.0,84.0,96.0,96.0,1200
2013-04-17,96.0,96.0,84.0,84.0,84.0,1300
2013-04-18,84.0,84.0,60.0,60.0,60.0,1500
2013-04-19,60.0,72.0,36.0,60.0,60.0,2200
2013-04-22,60.0,60.0,36.0,48.0,48.0,1400
2013-04-23,48.0,48.0,36.0,48.0,48.0,1600
2013-04-24,48.0,48.0,36.0,48.0,48.0,1800
2013-04-25,60.0,60.0,48.0,48.0,48.0,4300
2013-04-26,48.0,48.0,48.0,48.0,48.0,0
2013-04-29,48.0,48.0,36.0,36.0,36.0,700
2013-04-30,36.0,48.0,36.0,48.0,48.0,1700
2013-05-01,36.0,48.0,36.0,36.0,36.0,600
2013-05-02,48.0,48.0,36.0,48.0,48.0,1500
2013-05-03,48.0,60.0,48.0,48.0,48.0,2300
2013-05-06,60.0,108.0,60.0,108.0,108.0,0
2013-05-07,108.0,108.0,84.0,84.0,84.0,400
2013-05-08,96.0,96.0,84.0,84.0,84.0,200
2013-05-09,84.0,96.0,72.0,84.0,84.0,900
2013-05-10,84.0,84.0,60.0,72.0,72.0,400
2013-05-13,72.0,72.0,60.0,60.0,60.0,500
2013-05-14,72.0,72.0,60.0,60.0,60.0,400
2013-05-15,72.0,72.0,72.0,72.0,72.0,700
2013-05-16,72.0,72.0,72.0,72.0,72.0,300
2013-05-17,60.0,72.0,48.0,72.0,72.0,900
2013-05-20,72.0,84.0,60.0,60.0,60.0,500
2013-05-21,72.0,72.0,60.0,60.0,60.0,900
2013-05-22,72.0,72.0,48.0,60.0,60.0,600
2013-05-23,72.0,84.0,60.0,72.0,72.0,1500
2013-05-24,84.0,84.0,60.0,72.0,72.0,700
2013-05-28,72.0,84.0,72.0,72.0,72.0,700
2013-05-29,84.0,84.0,60.0,60.0,60.0,800
2013-05-30,60.0,72.0,60.0,60.0,60.0,1100
2013-05-31,60.0,60.0,60.0,60.0,60.0,700
2013-06-03,60.0,96.0,60.0,72.0,72.0,2200
2013-06-04,60.0,72.0,60.0,60.0,60.0,1300
2013-06-05,60.0,72.0,60.0,60.0,60.0,2400
2013-06-06,60.0,60.0,48.0,48.0,48.0,1200
2013-06-07,48.0,60.0,48.0,48.0,48.0,1600
2013-06-10,48.0,48.0,48.0,48.0,48.0,600
2013-06-11,48.0,48.0,36.0,48.0,48.0,1300
2013-06-12,48.0,48.0,36.0,36.0,36.0,500
2013-06-13,48.0,48.0,36.0,36.0,36.0,1600
2013-06-14,36.0,48.0,36.0,36.0,36.0,600
2013-06-17,48.0,48.0,48.0,48.0,48.0,600
2013-06-18,48.0,48.0,48.0,48.0,48.0,900
2013-06-19,48.0,48.0,36.0,48.0,48.0,400
2013-06-20,48.0,48.0,36.0,48.0,48.0,700
2013-06-21,36.0,48.0,36.0,36.0,36.0,900
2013-06-24,36.0,48.0,36.0,36.0,36.0,1600
2013-06-25,36.0,48.0,36.0,36.0,36.0,1500
2013-06-26,36.0,36.0,36.0,36.0,36.0,1100
2013-06-27,36.0,48.0,36.0,36.0,36.0,500
2013-06-28,36.0,36.0,24.0,36.0,36.0,1000
2013-07-01,36.0,36.0,36.0,36.0,36.0,1200
2013-07-02,36.0,36.0,24.0,36.0,36.0,1300
2013-07-03,36.0,36.0,24.0,24.0,24.0,400
2013-07-05,24.0,36.0,24.0,36.0,36.0,1200
2013-07-08,36.0,36.0,36.0,36.0,36.0,600
2013-07-09,36.0,36.0,24.0,24.0,24.0,800
2013-07-10,36.0,36.0,24.0,36.0,36.0,900
2013-07-11,36.0,36.0,24.0,24.0,24.0,900
2013-07-12,24.0,36.0,24.0,36.0,36.0,1200
2013-07-15,36.0,36.0,24.0,24.0,24.0,1000
2013-07-16,24.0,36.0,24.0,36.0,36.0,1200
2013-07-17,36.0,36.0,36.0,36.0,36.0,200
2013-07-18,36.0,36.0,24.0,24.0,24.0,1000
2013-07-19,24.0,24.0,24.0,24.0,24.0,300
2013-07-22,24.0,24.0,24.0,24.0,24.0,600
2013-07-23,24.0,24.0,24.0,24.0,24.0,500
2013-07-24,24.0,24.0,24.0,24.0,24.0,200
2013-07-25,36.0,36.0,24.0,24.0,24.0,200
2013-07-26,24.0,36.0,24.0,24.0,24.0,1400
2013-07-29,24.0,24.0,24.0,24.0,24.0,800
2013-07-30,24.0,24.0,24.0,24.0,24.0,2200
2013-07-31,24.0,24.0,24.0,24.0,24.0,600
2013-08-01,24.0,24.0,24.0,24.0,24.0,700
2013-08-02,24.0,24.0,24.0,24.0,24.0,300
2013-08-05,24.0,24.0,24.0,24.0,24.0,0
2013-08-06,24.0,24.0,24.0,24.0,24.0,400
2013-08-07,24.0,24.0,24.0,24.0,24.0,900
2013-08-08,24.0,24.0,12.0,24.0,24.0,900
2013-08-09,24.0,24.0,12.0,24.0,24.0,1800
2013-08-12,24.0,24.0,24.0,24.0,24.0,900
2013-08-13,24.0,24.0,24.0,24.0,24.0,100
2013-08-14,24.0,24.0,12.0,24.0,24.0,800
2013-08-15,24.0,24.0,12.0,24.0,24.0,1700
2013-08-16,24.0,24.0,12.0,12.0,12.0,400
2013-08-19,12.0,12.0,12.0,12.0,12.0,1200
2013-08-20,12.0,12.0,12.0,12.0,12.0,1500
2013-08-21,12.0,12.0,12.0,12.0,12.0,2900
2013-08-22,12.0,12.0,12.0,12.0,12.0,2700
2013-08-23,12.0,12.0,12.0,12.0,12.0,1700
2013-08-26,12.0,12.0,12.0,12.0,12.0,500
2013-08-27,12.0,12.0,12.0,12.0,12.0,1100
2013-08-28,12.0,12.0,12.0,12.0,12.0,800
2013-08-29,12.0,12.0,12.0,12.0,12.0,0
2013-08-30,12.0,12.0,12.0,12.0,12.0,200
2013-09-03,12.0,12.0,12.0,12.0,12.0,800
2013-09-04,12.0,12.0,12.0,12.0,12.0,300
2013-09-05,12.0,12.0,12.0,12.0,12.0,200
2013-09-06,12.0,12.0,12.0,12.0,12.0,100
2013-09-09,12.0,12.0,12.0,12.0,12.0,800
2013-09-10,12.0,12.0,12.0,12.0,12.0,400
2013-09-11,12.0,12.0,12.0,12.0,12.0,600
2013-09-12,12.0,12.0,12.0,12.0,12.0,1000
2013-09-13,12.0,12.0,12.0,12.0,12.0,100
2013-09-16,12.0,12.0,12.0,12.0,12.0,300
2013-09-17,12.0,12.0,12.0,12.0,12.0,400
2013-09-18,12.0,12.0,12.0,12.0,12.0,1300
2013-09-19,12.0,24.0,12.0,12.0,12.0,900
2013-09-20,24.0,24.0,12.0,24.0,24.0,900
2013-09-23,24.0,24.0,12.0,12.0,12.0,200
2013-09-24,24.0,24.0,12.0,24.0,24.0,800
2013-09-25,24.0,24.0,24.0,24.0,24.0,400
2013-09-26,24.0,24.0,24.0,24.0,24.0,0
2013-09-27,24.0,24.0,12.0,12.0,12.0,1600
2013-09-30,12.0,12.0,12.0,12.0,12.0,1000
2013-10-01,12.0,12.0,12.0,12.0,12.0,1100
2013-10-02,12.0,12.0,12.0,12.0,12.0,500
2013-10-03,12.0,12.0,12.0,12.0,12.0,300
2013-10-04,12.0,12.0,12.0,12.0,12.0,500
2013-10-07,12.0,12.0,12.0,12.0,12.0,1400
2013-10-08,12.0,12.0,12.0,12.0,12.0,1000
2013-10-09,24.0,24.0,12.0,12.0,12.0,11800
2013-10-10,12.0,12.0,12.0,12.0,12.0,1500
2013-10-11,12.0,12.0,12.0,12.0,12.0,700
2013-10-14,12.0,12.0,12.0,12.0,12.0,1100
2013-10-15,12.0,12.0,12.0,12.0,12.0,300
2013-10-16,12.0,12.0,12.0,12.0,12.0,300
2013-10-17,12.0,12.0,12.0,12.0,12.0,100
2013-10-18,12.0,12.0,12.0,12.0,12.0,100
2013-10-21,12.0,12.0,12.0,12.0,12.0,200
2013-10-22,12.0,12.0,12.0,12.0,12.0,300
2013-10-23,12.0,12.0,12.0,12.0,12.0,200
2013-10-24,12.0,24.0,12.0,24.0,24.0,600
2013-10-25,24.0,24.0,24.0,24.0,24.0,400
2013-10-28,24.0,24.0,24.0,24.0,24.0,0
2013-10-29,24.0,24.0,12.0,24.0,24.0,500
2013-10-30,24.0,24.0,12.0,12.0,12.0,200
2013-10-31,12.0,24.0,12.0,24.0,24.0,200
2013-11-01,24.0,24.0,12.0,24.0,24.0,400
2013-11-04,24.0,24.0,12.0,12.0,12.0,500
2013-11-05,12.0,24.0,12.0,24.0,24.0,300
2013-11-06,24.0,24.0,12.0,12.0,12.0,400
2013-11-07,12.0,24.0,12.0,12.0,12.0,100
2013-11-08,12.0,12.0,12.0,12.0,12.0,300
2013-11-11,12.0,12.0,12.0,12.0,12.0,200
2013-11-12,12.0,12.0,12.0,12.0,12.0,700
2013-11-13,12.0,12.0,12.0,12.0,12.0,900
2013-11-14,12.0,12.0,12.0,12.0,12.0,2100
2013-11-15,12.0,12.0,12.0,12.0,12.0,300
2013-11-18,12.0,12.0,12.0,12.0,12.0,500
2013-11-19,24.0,24.0,12.0,12.0,12.0,500
2013-11-20,24.0,36.0,12.0,24.0,24.0,2300
2013-11-21,36.0,48.0,24.0,36.0,36.0,2100
2013-11-22,48.0,48.0,36.0,36.0,36.0,1100
2013-11-25,36.0,36.0,36.0,36.0,36.0,500
2013-11-26,36.0,36.0,36.0,36.0,36.0,900
2013-11-27,36.0,36.0,36.0,36.0,36.0,200
2013-11-29,36.0,36.0,36.0,36.0,36.0,100
2013-12-02,36.0,36.0,36.0,36.0,36.0,100
2013-12-03,36.0,36.0,36.0,36.0,36.0,200
2013-12-04,36.0,36.0,24.0,24.0,24.0,300
2013-12-05,24.0,24.0,24.0,24.0,24.0,100
2013-12-06,24.0,24.0,24.0,24.0,24.0,200
2013-12-09,24.0,24.0,24.0,24.0,24.0,400
2013-12-10,24.0,24.0,24.0,24.0,24.0,600
2013-12-11,24.0,24.0,24.0,24.0,24.0,100
2013-12-12,24.0,36.0,24.0,24.0,24.0,1000
2013-12-13,24.0,36.0,24.0,24.0,24.0,800
2013-12-16,24.0,24.0,12.0,24.0,24.0,500
2013-12-17,12.0,24.0,12.0,24.0,24.0,200
2013-12-18,24.0,24.0,12.0,12.0,12.0,900
2013-12-19,12.0,12.0,12.0,12.0,12.0,200
2013-12-20,12.0,24.0,12.0,24.0,24.0,700
2013-12-23,24.0,24.0,12.0,24.0,24.0,200
2013-12-24,24.0,24.0,24.0,24.0,24.0,100
2013-12-26,24.0,24.0,24.0,24.0,24.0,200
2013-12-27,24.0,24.0,24.0,24.0,24.0,400
2013-12-30,24.0,24.0,24.0,24.0,24.0,500
2013-12-31,24.0,24.0,24.0,24.0,24.0,600
2014-01-02,24.0,24.0,24.0,24.0,24.0,100
2014-01-03,24.0,24.0,24.0,24.0,24.0,900
2014-01-06,24.0,24.0,24.0,24.0,24.0,200
2014-01-07,24.0,24.0,24.0,24.0,24.0,200
2014-01-08,24.0,24.0,24.0,24.0,24.0,400
2014-01-09,24.0,24.0,24.0,24.0,24.0,400
2014-01-10,24.0,24.0,24.0,24.0,24.0,500
2014-01-13,24.0,24.0,24.0,24.0,24.0,300
2014-01-14,24.0,24.0,24.0,24.0,24.0,900
2014-01-15,24.0,36.0,24.0,24.0,24.0,400
2014-01-16,24.0,24.0,24.0,24.0,24.0,100
2014-01-17,24.0,36.0,24.0,24.0,24.0,700
2014-01-21,24.0,24.0,24.0,24.0,24.0,300
2014-01-22,24.0,24.0,24.0,24.0,24.0,300
2014-01-23,24.0,24.0,24.0,24.0,24.0,100
2014-01-24,24.0,24.0,24.0,24.0,24.0,400
2014-01-27,24.0,36.0,24.0,24.0,24.0,400
2014-01-28,24.0,24.0,24.0,24.0,24.0,400
2014-01-29,24.0,24.0,24.0,24.0,24.0,100
2014-01-30,24.0,24.0,24.0,24.0,24.0,400
2014-01-31,24.0,24.0,24.0,24.0,24.0,200
2014-02-03,24.0,24.0,24.0,24.0,24.0,200
2014-02-04,24.0,24.0,24.0,24.0,24.0,300
2014-02-05,24.0,24.0,24.0,24.0,24.0,200
2014-02-06,24.0,36.0,24.0,36.0,36.0,700
2014-02-07,36.0,36.0,24.0,36.0,36.0,200
2014-02-10,36.0,36.0,24.0,36.0,36.0,500
2014-02-11,36.0,36.0,24.0,24.0,24.0,200
2014-02-12,24.0,24.0,24.0,24.0,24.0,300
2014-02-13,24.0,24.0,24.0,24.0,24.0,100
2014-02-14,24.0,24.0,24.0,24.0,24.0,800
2014-02-18,24.0,36.0,24.0,36.0,36.0,400
2014-02-19,36.0,36.0,24.0,24.0,24.0,600
2014-02-20,24.0,24.0,24.0,24.0,24.0,300
2014-02-21,24.0,36.0,24.0,36.0,36.0,300
2014-02-24,36.0,36.0,24.0,36.0,36.0,700
2014-02-25,24.0,37.200001,24.0,37.200001,37.200001,300
2014-02-26,35.040001000000004,39.0,33.240002000000004,36.119999,36.119999,1800
2014-02-27,36.240002000000004,48.0,34.800003000000004,48.0,48.0,2300
2014-02-28,60.0,60.0,36.599998,56.399998,56.399998,1800
2014-03-03,56.399998,60.0,39.0,54.0,54.0,2200
2014-03-04,43.32,50.399998,42.0,42.0,42.0,900
2014-03-05,44.040001000000004,54.0,42.0,51.0,51.0,500
2014-03-06,58.800003000000004,58.800003000000004,44.400002,46.200001,46.200001,600
2014-03-07,48.0,55.080002,48.0,51.120003000000004,51.120003000000004,600
2014-03-10,50.399998,51.600002,50.399998,51.600002,51.600002,100
2014-03-11,51.720001,51.720001,43.200001,44.52,44.52,700
2014-03-12,44.52,48.0,39.0,48.0,48.0,700
2014-03-13,48.0,48.0,42.0,45.48,45.48,500
2014-03-14,45.360001000000004,48.0,40.800003000000004,46.800003000000004,46.800003000000004,500
2014-03-17,45.0,45.0,43.560001,43.560001,43.560001,300
2014-03-18,41.400002,46.800003000000004,41.400002,43.079997999999996,43.079997999999996,600
2014-03-19,68.15999599999999,84.0,52.800003000000004,69.360001,69.360001,7900
2014-03-20,69.0,69.360001,57.600002,62.399998,62.399998,2300
2014-03-21,62.399998,65.400002,57.720001,63.0,63.0,1400
2014-03-24,63.0,63.0,53.760002,55.200001,55.200001,1300
2014-03-25,55.800003000000004,59.399998,54.0,58.200001,58.200001,800
2014-03-26,55.800003000000004,56.040001000000004,54.360004,54.600002,54.600002,300
2014-03-27,54.600002,54.840004,45.599998,48.0,48.0,1200
2014-03-28,48.0,50.16,48.0,49.320004,49.320004,1200
2014-03-31,49.080002,49.080002,42.0,45.0,45.0,500
2014-04-01,43.800003000000004,43.800003000000004,41.400002,43.800003000000004,43.800003000000004,1600
2014-04-02,43.800003000000004,48.0,41.400002,48.0,48.0,400
2014-04-03,48.0,49.080002,45.599998,47.760002,47.760002,600
2014-04-04,47.400002,47.400002,42.0,42.599998,42.599998,1400
2014-04-07,42.599998,43.800003000000004,42.599998,42.599998,42.599998,400
2014-04-08,42.240002000000004,43.200001,40.200001,41.52,41.52,700
2014-04-09,41.400002,42.0,41.400002,42.0,42.0,500
2014-04-10,41.040001000000004,41.040001000000004,39.0,39.119999,39.119999,500
2014-04-11,39.119999,39.240002000000004,39.119999,39.119999,39.119999,300
2014-04-14,39.0,39.0,33.0,33.599998,33.599998,1800
2014-04-15,33.599998,33.599998,30.0,30.0,30.0,1400
2014-04-16,30.120001000000002,35.400002,30.120001000000002,35.400002,35.400002,800
2014-04-17,32.400002,35.400002,32.400002,32.400002,32.400002,600
2014-04-21,32.400002,33.599998,30.0,31.800001,31.800001,300
2014-04-22,31.920002,33.599998,31.920002,32.52,32.52,600
2014-04-23,32.400002,34.200001,32.400002,32.639998999999996,32.639998999999996,300
2014-04-24,33.360001000000004,34.200001,33.360001000000004,34.200001,34.200001,500
2014-04-25,34.800003000000004,35.880001,34.200001,35.16,35.16,700
2014-04-28,35.16,35.16,35.16,35.16,35.16,300
2014-04-29,35.400002,35.760002,35.16,35.760002,35.760002,400
2014-04-30,35.52,39.0,35.52,38.760002,38.760002,500
2014-05-01,39.0,39.0,38.639998999999996,38.639998999999996,38.639998999999996,1000
2014-05-02,39.0,39.119999,38.760002,38.760002,38.760002,800
2014-05-05,39.599998,41.400002,38.400002,38.760002,38.760002,600
2014-05-06,42.48,44.040001000000004,39.599998,39.599998,39.599998,900
2014-05-07,39.599998,40.800003000000004,38.400002,39.599998,39.599998,500
2014-05-08,39.360001000000004,39.360001000000004,36.0,38.040001000000004,38.040001000000004,700
2014-05-09,39.0,39.0,36.0,37.200001,37.200001,400
2014-05-12,36.240002000000004,36.240002000000004,33.599998,34.68,34.68,500
2014-05-13,34.200001,34.32,32.400002,32.400002,32.400002,400
2014-05-14,32.400002,32.880001,31.800001,32.400002,32.400002,400
2014-05-15,31.800001,32.400002,31.08,31.08,31.08,600
2014-05-16,32.400002,32.400002,31.199999,31.199999,31.199999,300
2014-05-19,31.199999,31.199999,30.120001000000002,30.360001,30.360001,200
2014-05-20,30.360001,30.360001,27.719998999999998,28.800001,28.800001,2200
2014-05-21,28.800001,28.800001,21.6,24.120001000000002,24.120001000000002,5500
2014-05-22,24.0,24.0,19.92,20.400002,20.400002,1300
2014-05-23,21.0,21.48,19.200001,19.92,19.92,2300
2014-05-27,20.400002,23.76,20.400002,23.640001,23.640001,3000
2014-05-28,23.76,23.880001,21.6,23.880001,23.880001,8900
2014-05-29,23.880001,23.880001,21.6,21.6,21.6,2400
2014-05-30,22.200001,22.68,18.0,18.6,18.6,9600
2014-06-02,18.719998999999998,20.280001000000002,18.719998999999998,19.799999,19.799999,2100
2014-06-03,20.16,20.280001000000002,18.6,18.6,18.6,1000
2014-06-04,18.719998999999998,18.960001000000002,18.24,18.6,18.6,900
2014-06-05,18.84,18.960001000000002,18.24,18.24,18.24,1000
2014-06-06,18.24,18.24,16.200001,18.0,18.0,3600
2014-06-09,17.880001,17.880001,15.0,15.960001,15.960001,6300
2014-06-10,15.960001,17.76,15.0,17.76,17.76,2500
2014-06-11,18.120001000000002,18.960001000000002,16.32,16.799999,16.799999,600
2014-06-12,18.0,20.400002,18.0,20.400002,20.400002,2200
2014-06-13,20.400002,21.6,19.68,21.6,21.6,2000
2014-06-16,22.799999,22.799999,20.039998999999998,20.039998999999998,20.039998999999998,200
2014-06-17,19.440001000000002,20.039998999999998,16.200001,19.559998999999998,19.559998999999998,1500
2014-06-18,19.32,19.32,18.0,18.0,18.0,100
2014-06-19,17.16,22.799999,16.799999,19.559998999999998,19.559998999999998,2500
2014-06-20,19.200001,19.92,19.200001,19.440001000000002,19.440001000000002,800
2014-06-23,20.039998999999998,20.039998999999998,19.68,19.92,19.92,1000
2014-06-24,19.92,19.92,18.6,18.6,18.6,900
2014-06-25,18.6,19.799999,18.6,19.200001,19.200001,500
2014-06-26,19.200001,19.92,18.719998999999998,19.32,19.32,2500
2014-06-27,19.92,21.6,19.92,21.6,21.6,1200
2014-06-30,21.6,23.16,21.6,23.16,23.16,600
2014-07-01,23.400002,27.0,23.16,25.560001,25.560001,2300
2014-07-02,27.0,30.0,25.920002,30.0,30.0,3900
2014-07-03,27.0,30.0,26.400002,28.800001,28.800001,700
2014-07-07,28.800001,28.800001,26.400002,26.400002,26.400002,1100
2014-07-08,26.400002,26.400002,21.719998999999998,22.799999,22.799999,6100
2014-07-09,21.719998999999998,21.719998999999998,19.200001,20.16,20.16,3900
2014-07-10,19.92,21.6,19.92,21.6,21.6,800
2014-07-11,21.360001,21.360001,19.799999,20.039998999999998,20.039998999999998,500
2014-07-14,20.400002,20.52,19.200001,19.200001,19.200001,2200
2014-07-15,19.200001,19.200001,18.120001000000002,19.200001,19.200001,1700
2014-07-16,18.24,18.84,18.24,18.6,18.6,700
2014-07-17,18.6,18.6,17.52,17.639999,17.639999,1600
2014-07-18,18.0,18.0,17.400002,17.76,17.76,1700
2014-07-21,17.76,18.48,17.639999,18.0,18.0,600
2014-07-22,18.0,18.0,16.799999,17.400002,17.400002,500
2014-07-23,17.880001,18.0,16.440001000000002,17.280001000000002,17.280001000000002,1600
2014-07-24,17.76,17.76,16.68,16.68,16.68,600
2014-07-25,16.799999,17.400002,16.68,17.280001000000002,17.280001000000002,2900
2014-07-28,17.280001000000002,17.280001000000002,16.799999,16.92,16.92,1200
2014-07-29,17.16,17.280001000000002,16.92,17.16,17.16,1700
2014-07-30,17.039998999999998,17.400002,16.799999,17.16,17.16,900
2014-07-31,17.400002,17.52,16.68,17.280001000000002,17.280001000000002,2300
2014-08-01,17.280001000000002,17.280001000000002,16.200001,16.32,16.32,800
2014-08-04,16.799999,18.0,15.599998999999999,15.599998999999999,15.599998999999999,1000
2014-08-05,16.200001,16.200001,14.400001000000001,15.599998999999999,15.599998999999999,14600
2014-08-06,15.599998999999999,15.599998999999999,15.0,15.48,15.48,400
2014-08-07,15.599998999999999,17.400002,15.24,17.400002,17.400002,1700
2014-08-08,17.400002,18.6,16.799999,18.6,18.6,1200
2014-08-11,18.6,19.799999,17.400002,19.200001,19.200001,1800
2014-08-12,18.960001000000002,18.960001000000002,15.599998999999999,16.92,16.92,1500
2014-08-13,16.200001,16.440001000000002,15.599998999999999,15.599998999999999,15.599998999999999,1500
2014-08-14,15.36,15.599998999999999,14.88,15.0,15.0,1700
2014-08-15,14.76,15.599998999999999,14.76,15.0,15.0,500
2014-08-18,15.24,16.440001000000002,15.24,16.440001000000002,16.440001000000002,1600
2014-08-19,16.200001,16.200001,15.0,15.0,15.0,300
2014-08-20,14.88,15.48,13.8,15.0,15.0,2200
2014-08-21,15.599998999999999,15.599998999999999,15.599998999999999,15.599998999999999,15.599998999999999,300
2014-08-22,15.48,15.48,15.0,15.0,15.0,500
2014-08-25,15.599998999999999,15.599998999999999,14.52,14.88,14.88,400
2014-08-26,14.88,14.88,14.280001,14.280001,14.280001,3400
2014-08-27,14.52,14.52,14.400001000000001,14.400001000000001,14.400001000000001,1500
2014-08-28,14.400001000000001,14.400001000000001,12.599999,12.599999,12.599999,1800
2014-08-29,14.400001000000001,14.400001000000001,13.8,13.8,13.8,2100
2014-09-02,14.04,14.04,12.48,13.200001,13.200001,1700
2014-09-03,13.200001,13.200001,12.719999000000001,13.200001,13.200001,1100
2014-09-04,13.200001,13.200001,12.84,12.84,12.84,1300
2014-09-05,13.080001,13.8,13.080001,13.440001,13.440001,2300
2014-09-08,13.200001,13.200001,12.599999,12.599999,12.599999,1200
2014-09-09,13.080001,13.440001,12.599999,12.84,12.84,2500
2014-09-10,12.84,14.16,12.84,13.559999,13.559999,5100
2014-09-11,13.440001,13.440001,12.36,12.36,12.36,2000
2014-09-12,12.960001,12.960001,11.76,11.88,11.88,7300
2014-09-15,12.0,12.0,11.28,11.28,11.28,3900
2014-09-16,11.28,12.0,11.16,11.88,11.88,4800
2014-09-17,11.64,11.64,11.4,11.64,11.64,1300
2014-09-18,11.64,11.88,11.52,11.64,11.64,2900
2014-09-19,11.76,11.76,11.4,11.76,11.76,3100
2014-09-22,11.88,11.88,11.16,11.28,11.28,7700
2014-09-23,10.92,11.28,10.440000999999999,10.440000999999999,10.440000999999999,7100
2014-09-24,10.56,10.8,8.52,8.52,8.52,9000
2014-09-25,9.36,9.36,7.68,8.04,8.04,10500
2014-09-26,8.04,8.28,6.72,6.72,6.72,36200
2014-09-29,7.2,7.8,7.2,7.56,7.56,13000
2014-09-30,7.920000999999999,7.920000999999999,7.44,7.56,7.56,4200
2014-10-01,7.920000999999999,7.920000999999999,6.84,6.84,6.84,5600
2014-10-02,7.08,7.32,6.72,7.08,7.08,3600
2014-10-03,7.44,7.44,6.96,7.08,7.08,2000
2014-10-06,6.72,8.16,6.72,8.16,8.16,8100
2014-10-07,8.4,9.12,8.28,8.76,8.76,8600
2014-10-08,8.76,8.88,6.12,7.56,7.56,14200
2014-10-09,7.44,7.56,6.24,7.2,7.2,8900
2014-10-10,7.2,7.2,6.6,6.6,6.6,4400
2014-10-13,6.6,7.2,6.6,6.6,6.6,1900
2014-10-14,6.6,6.6,5.64,6.0,6.0,11800
2014-10-15,6.0,6.0,4.56,5.16,5.16,14100
2014-10-16,5.28,5.28,3.96,4.2,4.2,10200
2014-10-17,4.68,4.8,4.2,4.56,4.56,9300
2014-10-20,4.56,4.56,4.08,4.2,4.2,5500
2014-10-21,4.2,4.8,3.12,4.8,4.8,23300
2014-10-22,4.8,4.8,3.36,3.96,3.96,7100
2014-10-23,3.96,3.96,3.6,3.84,3.84,8300
2014-10-24,3.72,4.2,3.6,3.72,3.72,14900
2014-10-27,3.72,3.96,3.6,3.6,3.6,2900
2014-10-28,3.6,5.76,3.6,5.28,5.28,25200
2014-10-29,5.76,5.76,3.96,3.96,3.96,16900
2014-10-30,4.44,4.44,3.72,4.32,4.32,5700
2014-10-31,4.44,4.56,4.08,4.56,4.56,5000
2014-11-03,4.56,5.04,4.32,4.68,4.68,11400
2014-11-04,5.16,5.4,4.68,4.8,4.8,8800
2014-11-05,4.8,5.04,4.68,4.8,4.8,6200
2014-11-06,4.92,5.04,3.96,4.32,4.32,15800
2014-11-07,4.32,4.56,4.08,4.56,4.56,11800
2014-11-10,4.56,5.04,4.2,4.56,4.56,3800
2014-11-11,4.08,4.56,4.08,4.2,4.2,7800
2014-11-12,4.2,4.32,3.96,3.96,3.96,9700
2014-11-13,3.96,4.08,3.84,3.84,3.84,9300
2014-11-14,3.84,3.84,3.48,3.48,3.48,8500
2014-11-17,3.6,4.68,3.48,4.44,4.44,27400
2014-11-18,4.56,5.88,4.2,5.28,5.28,20400
2014-11-19,5.4,5.64,4.92,5.04,5.04,14700
2014-11-20,5.16,5.28,4.44,4.44,4.44,9800
2014-11-21,4.56,4.68,4.44,4.56,4.56,9100
2014-11-24,4.44,4.92,4.44,4.8,4.8,14300
2014-11-25,4.68,4.92,4.44,4.92,4.92,20100
2014-11-26,4.8,4.92,4.2,4.68,4.68,42400
2014-11-28,4.8,4.8,4.68,4.68,4.68,3800
2014-12-01,4.68,4.68,4.56,4.68,4.68,6600
2014-12-02,4.8,4.8,4.44,4.44,4.44,4500
2014-12-03,4.44,4.44,4.08,4.2,4.2,11700
2014-12-04,4.2,4.56,4.2,4.44,4.44,9700
2014-12-05,4.44,4.44,4.2,4.32,4.32,7500
2014-12-08,4.2,4.44,4.2,4.44,4.44,4900
2014-12-09,4.2,4.44,4.2,4.32,4.32,2600
2014-12-10,4.32,4.44,4.2,4.44,4.44,9300
2014-12-11,4.44,4.68,4.2,4.2,4.2,5600
2014-12-12,4.2,4.32,4.08,4.2,4.2,9700
2014-12-15,4.08,4.08,3.72,3.72,3.72,12400
2014-12-16,3.72,3.72,3.24,3.24,3.24,17200
2014-12-17,3.24,3.24,3.0,3.0,3.0,15200
2014-12-18,3.24,3.24,2.04,2.4,2.4,44000
2014-12-19,2.4,2.88,2.4,2.64,2.64,9000
2014-12-22,2.76,3.12,2.64,2.88,2.88,5900
2014-12-23,3.0,3.0,2.88,2.88,2.88,1100
2014-12-24,2.88,3.24,2.88,3.0,3.0,1300
2014-12-26,3.12,3.24,3.12,3.24,3.24,1500
2014-12-29,3.12,4.08,3.12,4.08,4.08,7200
2014-12-30,3.96,4.08,3.36,3.6,3.6,7600
2014-12-31,3.6,3.84,3.36,3.36,3.36,13900
2015-01-02,3.360001,3.6000010000000002,3.360001,3.360001,3.360001,12600
2015-01-05,3.6000010000000002,4.0800019999999995,3.360001,3.8400019999999997,3.8400019999999997,66000
2015-01-06,3.6000010000000002,3.7200010000000003,3.480001,3.6000010000000002,3.6000010000000002,71300
2015-01-07,3.7200010000000003,4.200002,3.7200010000000003,3.8400019999999997,3.8400019999999997,166200
2015-01-08,3.8400019999999997,4.0800019999999995,3.6000010000000002,3.6000010000000002,3.6000010000000002,55000
2015-01-09,3.7200010000000003,3.960001,3.6000010000000002,3.8400019999999997,3.8400019999999997,230900
2015-01-12,4.0800019999999995,4.320002,2.280001,2.280001,2.280001,1089900
2015-01-13,2.5200009999999997,2.880001,2.280001,2.640001,2.640001,1334500
2015-01-14,2.640001,3.0000009999999997,2.640001,2.760001,2.760001,318700
2015-01-15,2.760001,3.0000009999999997,2.5200009999999997,2.640001,2.640001,571700
2015-01-16,2.640001,2.640001,2.640001,2.640001,2.640001,9700
2015-01-20,2.760001,2.880001,2.640001,2.640001,2.640001,264700
2015-01-21,2.760001,2.880001,2.5200009999999997,2.5200009999999997,2.5200009999999997,166200
2015-01-22,2.5200009999999997,2.5200009999999997,1.9200009999999998,2.0400009999999997,2.0400009999999997,558500
2015-01-23,2.0400009999999997,2.400001,1.9200009999999998,2.280001,2.280001,221100
2015-01-26,2.280001,2.5200009999999997,2.160001,2.400001,2.400001,275000
2015-01-27,2.400001,2.400001,2.280001,2.280001,2.280001,77700
2015-01-28,2.400001,2.400001,2.160001,2.160001,2.160001,101200
2015-01-29,2.160001,2.280001,2.160001,2.160001,2.160001,454200
2015-01-30,2.160001,2.160001,2.160001,2.160001,2.160001,37400
2015-02-02,2.160001,2.160001,2.160001,2.160001,2.160001,65100
2015-02-03,2.160001,2.160001,2.0400009999999997,2.0400009999999997,2.0400009999999997,141600
2015-02-04,1.9200009999999998,1.9200009999999998,1.560001,1.6800009999999999,1.6800009999999999,367100
2015-02-05,1.6800009999999999,1.8000009999999997,1.560001,1.6800009999999999,1.6800009999999999,145300
2015-02-06,1.6800009999999999,1.8000009999999997,1.6800009999999999,1.6800009999999999,1.6800009999999999,162400
2015-02-09,1.6800009999999999,1.6800009999999999,1.440001,1.560001,1.560001,474900
2015-02-10,1.560001,1.9200009999999998,1.560001,1.6800009999999999,1.6800009999999999,299400
2015-02-11,1.8000009999999997,1.8000009999999997,1.6800009999999999,1.6800009999999999,1.6800009999999999,307000
2015-02-12,1.8000009999999997,1.8000009999999997,1.560001,1.560001,1.560001,205300
2015-02-13,1.560001,1.560001,1.440001,1.440001,1.440001,287200
2015-02-17,1.6800009999999999,1.8000009999999997,1.440001,1.8000009999999997,1.8000009999999997,79400
2015-02-18,1.6800009999999999,2.400001,1.6800009999999999,2.160001,2.160001,431100
2015-02-19,2.16,3.48,2.16,2.88,2.88,73100
2015-02-20,3.0000009999999997,3.360001,2.880001,3.240001,3.240001,676200
2015-02-23,3.240001,3.360001,2.5200009999999997,2.760001,2.760001,472100
2015-02-24,2.880001,2.880001,2.400001,2.760001,2.760001,148000
2015-02-25,2.640001,2.760001,2.400001,2.760001,2.760001,408600
2015-02-26,2.760001,2.760001,2.400001,2.5200009999999997,2.5200009999999997,237800
2015-02-27,2.5200009999999997,2.640001,2.5200009999999997,2.640001,2.640001,279500
2015-03-02,2.640001,2.880001,2.640001,2.640001,2.640001,383800
2015-03-03,2.640001,2.760001,2.5200009999999997,2.640001,2.640001,188300
2015-03-04,2.640001,2.640001,2.5200009999999997,2.640001,2.640001,103000
2015-03-05,2.640001,2.640001,2.280001,2.400001,2.400001,112300
2015-03-06,2.400001,2.640001,2.400001,2.5200009999999997,2.5200009999999997,41500
2015-03-09,2.5200009999999997,2.640001,2.400001,2.400001,2.400001,77600
2015-03-10,2.400001,2.400001,2.160001,2.280001,2.280001,225800
2015-03-11,2.52,2.64,2.4,2.4,2.4,6000
2015-03-12,2.400001,2.5200009999999997,2.400001,2.400001,2.400001,35500
2015-03-13,2.5200009999999997,2.5200009999999997,2.280001,2.5200009999999997,2.5200009999999997,53500
2015-03-16,2.400001,2.400001,2.160001,2.160001,2.160001,130200
2015-03-17,2.280001,2.5200009999999997,2.280001,2.280001,2.280001,58900
2015-03-18,2.400001,2.640001,2.400001,2.640001,2.640001,86500
2015-03-19,2.64,2.64,2.4,2.52,2.52,3700
2015-03-20,2.5200009999999997,2.640001,2.5200009999999997,2.5200009999999997,2.5200009999999997,32900
2015-03-23,2.640001,2.760001,2.640001,2.640001,2.640001,33400
2015-03-24,2.640001,3.0000009999999997,2.640001,2.760001,2.760001,183900
2015-03-25,2.760001,2.880001,2.5200009999999997,2.880001,2.880001,92400
2015-03-26,2.880001,2.880001,2.5200009999999997,2.640001,2.640001,224800
2015-03-27,2.640001,3.240001,2.5200009999999997,2.760001,2.760001,211800
2015-03-30,2.640001,2.760001,2.5200009999999997,2.5200009999999997,2.5200009999999997,74700
2015-03-31,2.5200009999999997,2.640001,2.5200009999999997,2.5200009999999997,2.5200009999999997,47900
2015-04-01,2.5200009999999997,2.5200009999999997,2.400001,2.400001,2.400001,57000
2015-04-02,2.400001,2.5200009999999997,2.400001,2.5200009999999997,2.5200009999999997,32600
2015-04-06,2.5200009999999997,2.5200009999999997,2.160001,2.5200009999999997,2.5200009999999997,58600
2015-04-07,2.400001,2.640001,2.160001,2.280001,2.280001,141500
2015-04-08,2.280001,2.400001,2.160001,2.160001,2.160001,28800
2015-04-09,2.400001,2.400001,2.160001,2.280001,2.280001,8000
2015-04-10,2.400001,2.5200009999999997,2.280001,2.280001,2.280001,36800
2015-04-13,2.400001,2.640001,2.160001,2.160001,2.160001,86800
2015-04-14,2.400001,2.5200009999999997,2.160001,2.280001,2.280001,25100
2015-04-15,2.4,2.52,2.16,2.4,2.4,22300
2015-04-16,2.28,2.4,2.28,2.28,2.28,1500
2015-04-17,2.400001,2.400001,2.160001,2.400001,2.400001,149100
2015-04-20,2.400001,2.5200009999999997,2.280001,2.280001,2.280001,23400
2015-04-21,2.4,2.52,2.28,2.28,2.28,600
2015-04-22,2.28,2.28,2.28,2.28,2.28,600
2015-04-23,2.5200009999999997,2.5200009999999997,2.280001,2.400001,2.400001,109100
2015-04-24,2.400001,2.5200009999999997,2.400001,2.400001,2.400001,34900
2015-04-27,2.5200009999999997,2.5200009999999997,2.400001,2.400001,2.400001,74200
2015-04-28,2.400001,2.400001,2.400001,2.400001,2.400001,15000
2015-04-29,2.400001,2.400001,2.400001,2.400001,2.400001,9300
2015-04-30,2.400001,2.400001,2.400001,2.400001,2.400001,7500
2015-05-01,2.400001,2.400001,2.280001,2.400001,2.400001,40900
2015-05-04,2.280001,2.280001,2.280001,2.280001,2.280001,95600
2015-05-05,2.280001,2.280001,2.0400009999999997,2.0400009999999997,2.0400009999999997,231700
2015-05-06,2.0400009999999997,2.0400009999999997,2.0400009999999997,2.0400009999999997,2.0400009999999997,47000
2015-05-07,2.0400009999999997,2.5200009999999997,2.0400009999999997,2.5200009999999997,2.5200009999999997,626700
2015-05-08,2.400001,2.760001,2.280001,2.760001,2.760001,1377600
2015-05-11,2.760001,3.7200010000000003,2.640001,3.7200010000000003,3.7200010000000003,4678300
2015-05-12,3.8400019999999997,3.960001,3.120001,3.7200010000000003,3.7200010000000003,6040800
2015-05-13,3.7200010000000003,3.8400019999999997,3.360001,3.6000010000000002,3.6000010000000002,2025100
2015-05-14,3.480001,3.7200010000000003,3.360001,3.360001,3.360001,1018300
2015-05-15,3.360001,3.6000010000000002,3.240001,3.6000010000000002,3.6000010000000002,652600
2015-05-18,3.360001,4.560002,3.360001,4.0800019999999995,4.0800019999999995,2255100
2015-05-19,4.08,4.08,3.72,3.96,3.96,35600
2015-05-20,4.0800019999999995,5.040001999999999,3.8400019999999997,4.920001999999999,4.920001999999999,2848300
2015-05-21,5.040001999999999,5.040001999999999,4.320002,4.560002,4.560002,1704300
2015-05-22,4.560002,4.920001999999999,4.320002,4.800002,4.800002,1352000
2015-05-26,4.680002,4.800002,4.560002,4.680002,4.680002,1146900
2015-05-27,4.800002,4.800002,4.440002,4.560002,4.560002,780900
2015-05-28,4.560002,4.680002,4.0800019999999995,4.320002,4.320002,863700
2015-05-29,4.320002,4.320002,2.880001,3.960001,3.960001,1940400
2015-06-01,4.0800019999999995,4.200002,3.960001,4.200002,4.200002,518700
2015-06-02,4.200002,4.680002,4.0800019999999995,4.680002,4.680002,816400
2015-06-03,4.680002,7.320003,4.680002,6.840003,6.840003,2843400
2015-06-04,7.320003,8.040003,6.1200019999999995,7.200003,7.200003,3523500
2015-06-05,7.200003,7.800003,6.720003,7.560003,7.560003,1197300
2015-06-08,7.800003,10.200004,7.800003,9.720004,9.720004,2106200
2015-06-09,10.08,11.4,9.0,10.08,10.08,181500
2015-06-10,10.320003999999999,10.560004,9.120004,9.720004,9.720004,1610900
2015-06-11,9.120004,9.480003,8.640003,9.120004,9.120004,1383900
2015-06-12,9.240003999999999,10.560004,8.640003,9.960004,9.960004,714200
2015-06-15,9.960004,11.280005000000001,9.600004,10.800004,10.800004,1100500
2015-06-16,11.040005,11.520004,10.320003999999999,10.920005,10.920005,936200
2015-06-17,10.800004,10.920005,9.840003999999999,10.440004,10.440004,677600
2015-06-18,10.560004,13.560004999999999,10.200004,12.480005,12.480005,1265400
2015-06-19,13.080006,14.160006,11.520004,12.480005,12.480005,1796400
2015-06-22,12.600005,14.760006,12.120005,13.800006,13.800006,1558300
2015-06-23,14.640006,20.520007999999997,14.400004999999998,18.120007,18.120007,3904600
2015-06-24,18.360007999999997,18.360007999999997,15.240006,17.640007,17.640007,2072200
2015-06-25,17.520006,17.640007,14.760006,15.360006,15.360006,1513100
2015-06-26,15.360006,15.480006,12.600005,13.800006,13.800006,1704100
2015-06-29,13.680005,13.680005,9.360003,10.800004,10.800004,2494000
2015-06-30,10.800004,12.600005,9.000003999999999,11.520004,11.520004,1307100
2015-07-01,12.000005,14.040006,12.000005,12.600005,12.600005,739300
2015-07-02,12.600005,12.960005,11.760005,12.240005,12.240005,718400
2015-07-06,12.120005,13.080006,10.680003999999998,11.280005000000001,11.280005000000001,808700
2015-07-07,11.280005000000001,12.480005,10.680003999999998,11.640005,11.640005,582300
2015-07-08,11.880005,13.080006,11.400004,11.640005,11.640005,435300
2015-07-09,12.000005,12.120005,10.440004,11.040005,11.040005,298000
2015-07-10,10.560004,10.920005,9.720004,9.960004,9.960004,1312800
2015-07-13,9.960004,10.200004,8.760003,9.360003,9.360003,926900
2015-07-14,9.240003999999999,10.080003999999999,8.160003999999999,9.600004,9.600004,445500
2015-07-15,9.480003,9.480003,9.000003999999999,9.480003,9.480003,147600
2015-07-16,9.600004,10.560004,9.120004,9.960004,9.960004,366400
2015-07-17,9.960004,9.960004,7.800003,9.000003999999999,9.000003999999999,1729100
2015-07-20,8.880004,8.880004,7.680003,7.680003,7.680003,1724400
2015-07-21,7.080003,7.200003,5.640002,6.600003,6.600003,4277100
2015-07-22,6.600003,6.600003,5.520002,5.760002,5.760002,1439800
2015-07-23,5.760002,6.840003,5.760002,6.840003,6.840003,1117800
2015-07-24,6.840003,6.840003,5.880001999999999,6.240003,6.240003,791900
2015-07-27,6.240003,6.9600029999999995,6.240003,6.720003,6.720003,1099200
2015-07-28,6.720003,6.720003,5.880001999999999,6.000001999999999,6.000001999999999,893900
2015-07-29,5.880001999999999,6.1200019999999995,5.520002,6.000001999999999,6.000001999999999,521400
2015-07-30,6.000001999999999,6.480002,6.000001999999999,6.000001999999999,6.000001999999999,298300
2015-07-31,6.1200019999999995,6.600003,6.000001999999999,6.240003,6.240003,376400
2015-08-03,6.1200019999999995,6.480002,5.760002,6.360003,6.360003,321300
2015-08-04,6.240003,6.360003,6.000001999999999,6.240003,6.240003,1093100
2015-08-05,6.240003,6.240003,6.000001999999999,6.240003,6.240003,226000
2015-08-06,6.1200019999999995,6.240003,6.000001999999999,6.1200019999999995,6.1200019999999995,583300
2015-08-07,6.1200019999999995,6.720003,6.000001999999999,6.720003,6.720003,475900
2015-08-10,6.840003,7.560003,6.720003,6.840003,6.840003,1858100
2015-08-11,7.320003,7.440003,6.000001999999999,6.1200019999999995,6.1200019999999995,929300
2015-08-12,6.12,6.12,5.28,5.64,5.64,55800
2015-08-13,5.64,6.24,5.64,5.88,5.88,32700
2015-08-14,5.760002,6.000001999999999,5.640002,6.000001999999999,6.000001999999999,159700
2015-08-17,5.76,6.12,5.76,5.88,5.88,7600
2015-08-18,6.000001999999999,6.1200019999999995,5.760002,5.880001999999999,5.880001999999999,511400
2015-08-19,6.000001999999999,6.000001999999999,5.280002,5.520002,5.520002,868600
2015-08-20,5.760002,5.880001999999999,5.400002,5.640002,5.640002,646200
2015-08-21,5.520002,5.520002,5.1600019999999995,5.400002,5.400002,453900
2015-08-24,5.280002,5.760002,5.040001999999999,5.1600019999999995,5.1600019999999995,840100
2015-08-25,5.400002,5.400002,5.040001999999999,5.280002,5.280002,162600
2015-08-26,5.280002,5.400002,4.560002,4.800002,4.800002,536700
2015-08-27,4.680002,4.920001999999999,4.440002,4.800002,4.800002,832900
2015-08-28,4.680002,4.680002,4.560002,4.680002,4.680002,871800
2015-08-31,4.680002,4.680002,4.200002,4.440002,4.440002,648800
2015-09-01,4.32,4.44,4.2,4.32,4.32,43400
2015-09-02,4.32,4.68,4.2,4.68,4.68,22000
2015-09-03,4.680002,4.800002,4.320002,4.320002,4.320002,432800
2015-09-04,4.320002,4.320002,3.7200010000000003,4.200002,4.200002,504100
2015-09-08,3.8400019999999997,5.400002,3.8400019999999997,5.400002,5.400002,492400
2015-09-09,5.280002,6.480002,5.280002,5.640002,5.640002,1835000
2015-09-10,5.76,6.12,5.04,5.76,5.76,116600
2015-09-11,6.0,6.24,5.52,6.12,6.12,39100
2015-09-14,6.12,6.12,6.0,6.0,6.0,14300
2015-09-15,6.360003,8.160003999999999,6.240003,8.040003,8.040003,2406100
2015-09-16,8.4,8.4,5.88,6.24,6.24,253700
2015-09-17,6.480002,6.480002,5.640002,6.1200019999999995,6.1200019999999995,696900
2015-09-18,5.880001999999999,6.1200019999999995,5.520002,6.1200019999999995,6.1200019999999995,794100
2015-09-21,6.12,7.68,6.12,7.68,7.68,128600
2015-09-22,8.040003,8.400003,7.200003,7.800003,7.800003,1853700
2015-09-23,8.040003,8.280004,7.560003,7.800003,7.800003,562500
2015-09-24,7.800003,7.9200029999999995,6.720003,7.320003,7.320003,844100
2015-09-25,7.200003,7.800003,6.9600029999999995,7.320003,7.320003,1162100
2015-09-28,7.200003,7.320003,6.720003,7.080003,7.080003,797400
2015-09-29,7.080003,7.200003,6.480002,6.720003,6.720003,825000
2015-09-30,6.720003,7.800003,6.720003,7.440003,7.440003,479500
2015-10-01,7.32,7.56,7.08,7.44,7.44,36000
2015-10-02,7.44,7.44,6.96,7.2,7.2,35600
2015-10-05,7.44,7.8,7.2,7.56,7.56,52300
2015-10-06,7.68,8.04,7.2,7.44,7.44,50300
2015-10-07,7.44,8.16,7.2,7.8,7.8,66500
2015-10-08,7.8,7.8,7.2,7.2,7.2,44000
2015-10-09,7.32,7.56,6.96,7.32,7.32,33200
2015-10-12,7.32,7.44,6.36,6.96,6.96,97400
2015-10-13,6.96,7.08,6.48,6.72,6.72,30300
2015-10-14,6.72,7.08,6.36,7.08,7.08,26900
2015-10-15,7.08,7.68,7.08,7.68,7.68,39900
2015-10-16,7.68,7.8,7.2,7.32,7.32,20300
2015-10-19,7.32,7.44,6.84,7.32,7.32,21500
2015-10-20,7.44,7.44,6.6,6.96,6.96,35600
2015-10-21,7.08,7.32,6.72,7.08,7.08,12900
2015-10-22,7.08,7.2,6.72,6.84,6.84,28400
2015-10-23,6.84,6.84,6.48,6.6,6.6,45000
2015-10-26,6.600003,6.840003,6.480002,6.600003,6.600003,197000
2015-10-27,6.720003,6.840003,6.360003,6.480002,6.480002,272000
2015-10-28,6.480002,6.840003,6.480002,6.720003,6.720003,207100
2015-10-29,6.720003,6.840003,6.600003,6.720003,6.720003,131800
2015-10-30,6.84,7.32,6.6,7.2,7.2,16400
2015-11-02,7.32,7.56,6.72,7.32,7.32,76700
2015-11-03,7.44,7.56,7.2,7.32,7.32,39600
2015-11-04,7.440003,7.440003,7.200003,7.320003,7.320003,283200
2015-11-05,7.32,7.56,7.32,7.32,7.32,41500
2015-11-06,7.44,9.0,7.44,8.76,8.76,120300
2015-11-09,8.52,9.0,8.04,8.76,8.76,157100
2015-11-10,8.76,8.88,7.56,7.8,7.8,163800
2015-11-11,7.68,7.8,7.32,7.44,7.44,42800
2015-11-12,7.68,7.68,6.84,7.32,7.32,61300
2015-11-13,7.2,7.68,7.2,7.56,7.56,53200
2015-11-16,7.56,8.04,7.44,7.68,7.68,44200
2015-11-17,7.8,8.28,7.68,8.04,8.04,51400
2015-11-18,7.92,8.28,7.92,8.04,8.04,34200
2015-11-19,7.92,8.04,7.8,8.04,8.04,15900
2015-11-20,7.92,8.04,6.72,7.44,7.44,112900
2015-11-23,7.44,7.56,7.2,7.56,7.56,20200
2015-11-24,7.2,7.68,6.6,7.08,7.08,122600
2015-11-25,7.08,7.2,6.72,6.96,6.96,29800
2015-11-27,7.08,7.08,6.84,6.84,6.84,7000
2015-11-30,6.84,7.32,6.72,7.08,7.08,39100
2015-12-01,7.32,7.44,6.96,7.2,7.2,28900
2015-12-02,7.32,8.52,7.32,8.4,8.4,95200
2015-12-03,8.52,9.0,8.4,8.76,8.76,103000
2015-12-04,8.76,9.0,8.76,8.88,8.88,38200
2015-12-07,8.4,10.56,8.4,10.32,10.32,242100
2015-12-08,10.32,11.64,9.72,10.2,10.2,268600
2015-12-09,10.92,11.28,9.6,10.92,10.92,279900
2015-12-10,11.4,11.4,9.12,9.72,9.72,289500
2015-12-11,9.480003,9.600004,8.160003999999999,8.400003,8.400003,2728800
2015-12-14,8.400003,8.400003,7.320003,8.160003999999999,8.160003999999999,1006000
2015-12-15,8.16,8.28,7.8,7.92,7.92,54800
2015-12-16,7.92,8.28,6.96,7.08,7.08,137300
2015-12-17,7.08,7.92,6.96,7.56,7.56,55600
2015-12-18,7.56,7.92,7.2,7.68,7.68,45600
2015-12-21,7.680003,8.040003,7.320003,7.320003,7.320003,466500
2015-12-22,7.440003,7.440003,7.200003,7.200003,7.200003,347700
2015-12-23,7.44,7.68,7.2,7.32,7.32,19700
2015-12-24,7.440003,7.680003,7.320003,7.560003,7.560003,104700
2015-12-28,7.680003,7.680003,6.9600029999999995,7.080003,7.080003,408500
2015-12-29,7.2,7.32,6.96,7.32,7.32,22400
2015-12-30,7.2,7.32,7.08,7.2,7.2,17600
2015-12-31,7.200003,7.200003,7.080003,7.200003,7.200003,302200
2016-01-04,7.320003,7.560003,6.9600029999999995,7.080003,7.080003,309100
2016-01-05,7.320003,7.440003,6.9600029999999995,7.200003,7.200003,395500
2016-01-06,7.200003,7.320003,6.9600029999999995,6.9600029999999995,6.9600029999999995,276900
2016-01-07,6.9600029999999995,6.9600029999999995,6.240003,6.360003,6.360003,896500
2016-01-08,6.360003,7.080003,6.1200019999999995,6.840003,6.840003,818200
2016-01-11,7.080003,7.200003,6.360003,6.360003,6.360003,787000
2016-01-12,6.36,6.72,5.52,6.12,6.12,68600
2016-01-13,6.72,6.72,5.16,5.4,5.4,75400
2016-01-14,5.4,6.6,5.04,6.36,6.36,58300
2016-01-15,5.88,6.48,5.4,6.12,6.12,44500
2016-01-19,6.240003,6.480002,5.880001999999999,6.360003,6.360003,307300
2016-01-20,6.360003,6.480002,5.880001999999999,6.240003,6.240003,445000
2016-01-21,6.240003,6.240003,5.760002,6.240003,6.240003,349800
2016-01-22,6.360003,6.720003,6.1200019999999995,6.720003,6.720003,278600
2016-01-25,6.480002,7.440003,6.360003,7.320003,7.320003,420300
2016-01-26,7.320003,7.800003,6.600003,7.560003,7.560003,400000
2016-01-27,7.68,7.68,7.08,7.44,7.44,16000
2016-01-28,7.32,7.56,7.08,7.08,7.08,17600
2016-01-29,7.2,7.32,6.84,7.08,7.08,14200
2016-02-01,7.200003,7.680003,7.200003,7.560003,7.560003,380200
2016-02-02,7.9200029999999995,7.9200029999999995,7.440003,7.560003,7.560003,184700
2016-02-03,8.040003,8.040003,7.440003,7.680003,7.680003,930000
2016-02-04,7.680003,7.800003,7.200003,7.320003,7.320003,281900
2016-02-05,7.32,7.56,6.96,7.2,7.2,14500
2016-02-08,7.320003,7.320003,6.600003,7.080003,7.080003,227100
2016-02-09,6.9600029999999995,7.080003,6.720003,6.840003,6.840003,311100
2016-02-10,6.96,7.2,6.6,6.96,6.96,10300
2016-02-11,6.96,6.96,6.24,6.6,6.6,28800
2016-02-12,6.720003,6.720003,5.880001999999999,6.240003,6.240003,461400
2016-02-16,6.1200019999999995,6.720003,6.000001999999999,6.720003,6.720003,273000
2016-02-17,6.840003,7.560003,6.840003,7.440003,7.440003,292500
2016-02-18,7.320003,7.9200029999999995,7.320003,7.9200029999999995,7.9200029999999995,600300
2016-02-19,7.9200029999999995,7.9200029999999995,7.440003,7.680003,7.680003,155900
2016-02-22,7.680003,7.800003,7.320003,7.800003,7.800003,256600
2016-02-23,7.440003,7.800003,7.440003,7.800003,7.800003,161700
2016-02-24,7.680003,7.680003,7.440003,7.560003,7.560003,113000
2016-02-25,7.560003,7.560003,7.320003,7.560003,7.560003,75800
2016-02-26,7.56,7.68,7.32,7.44,7.44,17700
2016-02-29,7.320003,7.680003,7.320003,7.680003,7.680003,105200
2016-03-01,7.560003,7.680003,7.440003,7.560003,7.560003,139300
2016-03-02,7.560003,7.800003,7.080003,7.200003,7.200003,290300
2016-03-03,7.320003,7.440003,7.200003,7.440003,7.440003,60500
2016-03-04,7.44,7.44,6.96,7.44,7.44,31700
2016-03-07,7.560003,7.560003,7.200003,7.320003,7.320003,174900
2016-03-08,7.200003,7.440003,7.080003,7.440003,7.440003,70900
2016-03-09,7.440003,7.440003,7.200003,7.320003,7.320003,127100
2016-03-10,7.320003,7.440003,7.080003,7.200003,7.200003,71000
2016-03-11,7.2,7.32,7.08,7.32,7.32,3900
2016-03-14,7.080003,7.440003,7.080003,7.440003,7.440003,136900
2016-03-15,7.560003,7.560003,7.200003,7.440003,7.440003,152900
2016-03-16,7.320003,7.440003,7.320003,7.320003,7.320003,98700
2016-03-17,7.320003,7.440003,7.080003,7.440003,7.440003,183400
2016-03-18,7.440003,7.680003,7.200003,7.680003,7.680003,223200
2016-03-21,7.680003,7.9200029999999995,7.680003,7.800003,7.800003,214100
2016-03-22,7.9200029999999995,7.9200029999999995,7.680003,7.680003,7.680003,89600
2016-03-23,7.680003,7.680003,7.320003,7.560003,7.560003,320600
2016-03-24,7.560003,7.680003,7.320003,7.680003,7.680003,161400
2016-03-28,7.440003,7.680003,7.440003,7.560003,7.560003,221600
2016-03-29,7.440003,7.560003,7.440003,7.560003,7.560003,125800
2016-03-30,7.56,7.8,6.96,7.68,7.68,71700
2016-03-31,7.560003,8.400003,7.200003,8.160003999999999,8.160003999999999,1000100
2016-04-01,8.160003999999999,8.760003,8.040003,8.640003,8.640003,989600
2016-04-04,8.880004,9.720004,8.880004,9.480003,9.480003,1210200
2016-04-05,9.600004,9.840003999999999,9.120004,9.240003999999999,9.240003999999999,539400
2016-04-06,9.360003,9.360003,7.9200029999999995,8.040003,8.040003,1205600
2016-04-07,8.04,8.28,7.68,7.8,7.8,92700
2016-04-08,8.040003,8.160003999999999,7.680003,7.800003,7.800003,457400
2016-04-11,7.9200029999999995,7.9200029999999995,7.440003,7.560003,7.560003,408100
2016-04-12,7.680003,7.800003,7.440003,7.680003,7.680003,317400
2016-04-13,7.8,7.8,7.44,7.56,7.56,11900
2016-04-14,7.560003,7.680003,7.320003,7.440003,7.440003,206400
2016-04-15,7.44,7.44,6.96,7.2,7.2,52300
2016-04-18,7.080003,7.320003,7.080003,7.200003,7.200003,212900
2016-04-19,7.2,7.32,7.08,7.2,7.2,16900
2016-04-20,7.200003,7.200003,6.840003,6.9600029999999995,6.9600029999999995,419600
2016-04-21,7.440003,7.800003,7.080003,7.440003,7.440003,1037900
2016-04-22,7.560003,7.560003,6.600003,7.560003,7.560003,1096700
2016-04-25,7.320003,7.800003,6.9600029999999995,6.9600029999999995,6.9600029999999995,397400
2016-04-26,6.840003,7.440003,6.840003,7.200003,7.200003,850600
2016-04-27,7.200003,7.560003,6.9600029999999995,7.320003,7.320003,470200
2016-04-28,7.560003,7.560003,7.200003,7.320003,7.320003,572100
2016-04-29,7.440003,7.680003,7.320003,7.680003,7.680003,258700
2016-05-02,8.040003,8.640003,7.680003,8.640003,8.640003,832400
2016-05-03,8.760003,9.120004,7.800003,8.160003999999999,8.160003999999999,946800
2016-05-04,8.280004,8.280004,7.560003,7.680003,7.680003,377900
2016-05-05,7.680003,7.800003,7.320003,7.560003,7.560003,387200
2016-05-06,7.560003,8.040003,7.320003,7.680003,7.680003,416400
2016-05-09,7.560003,8.040003,7.320003,7.440003,7.440003,187900
2016-05-10,7.440003,8.040003,7.200003,7.680003,7.680003,278400
2016-05-11,7.8,7.8,6.84,7.32,7.32,51200
2016-05-12,7.32,7.8,7.08,7.32,7.32,26000
2016-05-13,7.08,7.2,5.76,6.72,6.72,138600
2016-05-16,6.840003,6.840003,6.360003,6.840003,6.840003,228300
2016-05-17,6.600003,7.200003,6.600003,6.720003,6.720003,188400
2016-05-18,7.200003,7.200003,6.840003,6.840003,6.840003,191900
2016-05-19,7.200003,7.200003,6.720003,7.080003,7.080003,231100
2016-05-20,6.9600029999999995,7.200003,6.720003,6.840003,6.840003,204900
2016-05-23,6.840003,6.840003,6.240003,6.600003,6.600003,258900
2016-05-24,6.6,6.84,6.6,6.6,6.6,19700
2016-05-25,6.720003,6.9600029999999995,6.720003,6.720003,6.720003,97100
2016-05-26,7.080003,7.080003,6.720003,6.9600029999999995,6.9600029999999995,164000
2016-05-27,6.96,7.08,6.6,6.84,6.84,12400
2016-05-31,6.840003,6.9600029999999995,6.600003,6.9600029999999995,6.9600029999999995,156200
2016-06-01,6.9600029999999995,6.9600029999999995,6.720003,6.9600029999999995,6.9600029999999995,123500
2016-06-02,6.9600029999999995,7.200003,6.720003,6.840003,6.840003,306100
2016-06-03,6.84,7.08,6.84,7.08,7.08,8500
2016-06-06,6.9600029999999995,7.200003,6.840003,7.080003,7.080003,114600
2016-06-07,7.080003,7.200003,7.080003,7.080003,7.080003,231000
2016-06-08,7.200003,7.200003,6.9600029999999995,7.080003,7.080003,107500
2016-06-09,7.080003,7.200003,7.080003,7.200003,7.200003,79200
2016-06-10,7.080003,7.200003,6.720003,6.9600029999999995,6.9600029999999995,344400
2016-06-13,6.9600029999999995,7.080003,6.720003,6.9600029999999995,6.9600029999999995,132000
2016-06-14,6.840003,6.840003,6.1200019999999995,6.480002,6.480002,540500
2016-06-15,6.480002,6.600003,6.360003,6.360003,6.360003,70500
2016-06-16,6.600003,6.600003,6.1200019999999995,6.360003,6.360003,206600
2016-06-17,6.1200019999999995,6.480002,6.000001999999999,6.480002,6.480002,223400
2016-06-20,6.360003,6.600003,6.1200019999999995,6.240003,6.240003,237800
2016-06-21,6.1200019999999995,6.240003,5.880001999999999,6.000001999999999,6.000001999999999,333800
2016-06-22,6.1200019999999995,6.840003,5.880001999999999,6.1200019999999995,6.1200019999999995,281200
2016-06-23,6.1200019999999995,6.360003,6.000001999999999,6.240003,6.240003,88800
2016-06-24,6.1200019999999995,6.240003,5.760002,6.1200019999999995,6.1200019999999995,247700
2016-06-27,6.000001999999999,6.1200019999999995,5.760002,5.760002,5.760002,205100
2016-06-28,5.88,6.12,5.88,6.0,6.0,8900
2016-06-29,6.12,6.12,5.52,5.52,5.52,24100
2016-06-30,5.880001999999999,6.1200019999999995,5.640002,6.1200019999999995,6.1200019999999995,92600
2016-07-01,5.760002,6.600003,5.640002,6.600003,6.600003,149500
2016-07-05,6.240003,6.360003,6.000001999999999,6.360003,6.360003,111600
2016-07-06,5.880001999999999,6.360003,5.760002,6.360003,6.360003,176100
2016-07-07,6.360003,6.360003,6.1200019999999995,6.1200019999999995,6.1200019999999995,84800
2016-07-08,6.12,6.36,5.88,6.0,6.0,9400
2016-07-11,5.880001999999999,6.1200019999999995,5.880001999999999,6.000001999999999,6.000001999999999,39900
2016-07-12,6.240003,6.240003,5.520002,5.760002,5.760002,206400
2016-07-13,5.760002,5.880001999999999,5.640002,5.640002,5.640002,109800
2016-07-14,5.640002,5.760002,5.640002,5.760002,5.760002,70900
2016-07-15,5.760002,5.760002,5.640002,5.760002,5.760002,37300
2016-07-18,5.640002,5.640002,4.920001999999999,4.920001999999999,4.920001999999999,691200
2016-07-19,4.920001999999999,5.280002,4.800002,5.280002,5.280002,111500
2016-07-20,5.280002,5.280002,5.1600019999999995,5.1600019999999995,5.1600019999999995,78600
2016-07-21,5.280002,5.280002,4.920001999999999,5.040001999999999,5.040001999999999,165300
2016-07-22,5.040001999999999,5.1600019999999995,5.040001999999999,5.1600019999999995,5.1600019999999995,57200
2016-07-25,5.1600019999999995,5.280002,5.1600019999999995,5.280002,5.280002,23500
2016-07-26,5.280002,5.400002,5.040001999999999,5.1600019999999995,5.1600019999999995,95800
2016-07-27,5.1600019999999995,5.280002,5.040001999999999,5.1600019999999995,5.1600019999999995,118200
2016-07-28,5.16,5.4,5.16,5.4,5.4,6500
2016-07-29,5.400002,5.520002,5.280002,5.520002,5.520002,122900
2016-08-01,5.400002,5.520002,5.280002,5.280002,5.280002,29100
2016-08-02,5.280002,5.400002,5.040001999999999,5.400002,5.400002,53300
2016-08-03,5.400002,5.400002,5.1600019999999995,5.280002,5.280002,155400
2016-08-04,5.040001999999999,5.640002,5.040001999999999,5.520002,5.520002,325500
2016-08-05,5.76,6.6,5.52,6.36,6.36,67000
2016-08-08,6.360003,6.600003,5.760002,6.600003,6.600003,146800
2016-08-09,6.600003,6.600003,6.240003,6.240003,6.240003,28700
2016-08-10,6.600003,6.600003,5.760002,6.000001999999999,6.000001999999999,60000
2016-08-11,6.000001999999999,6.360003,5.760002,6.360003,6.360003,142100
2016-08-12,6.36,6.48,5.88,6.36,6.36,30400
2016-08-15,6.360003,6.480002,5.760002,5.760002,5.760002,146900
2016-08-16,5.760002,6.000001999999999,5.520002,5.640002,5.640002,233800
2016-08-17,5.640002,5.640002,5.1600019999999995,5.400002,5.400002,199000
2016-08-18,5.1600019999999995,6.1200019999999995,5.1600019999999995,6.000001999999999,6.000001999999999,464400
2016-08-19,6.1200019999999995,6.240003,5.760002,6.000001999999999,6.000001999999999,83900
2016-08-22,5.640002,6.000001999999999,5.640002,5.760002,5.760002,251000
2016-08-23,5.880001999999999,5.880001999999999,5.520002,5.640002,5.640002,68800
2016-08-24,5.640002,5.760002,5.520002,5.760002,5.760002,158400
2016-08-25,5.640002,5.760002,5.640002,5.760002,5.760002,61100
2016-08-26,5.760002,5.760002,5.640002,5.640002,5.640002,21600
2016-08-29,5.760002,5.760002,5.640002,5.640002,5.640002,71100
2016-08-30,5.64,5.76,5.52,5.64,5.64,4500
2016-08-31,5.520002,5.760002,5.520002,5.520002,5.520002,95600
2016-09-01,5.640002,5.760002,5.640002,5.760002,5.760002,219700
2016-09-02,5.640002,5.880001999999999,5.640002,5.880001999999999,5.880001999999999,23200
2016-09-06,6.000001999999999,6.360003,5.880001999999999,6.1200019999999995,6.1200019999999995,410100
2016-09-07,6.240003,6.480002,6.1200019999999995,6.480002,6.480002,266900
2016-09-08,6.480002,6.480002,6.240003,6.360003,6.360003,117600
2016-09-09,6.36,6.48,6.24,6.36,6.36,5300
2016-09-12,6.360003,6.360003,5.760002,5.760002,5.760002,282200
2016-09-13,6.000001999999999,6.000001999999999,5.280002,5.280002,5.280002,1112000
2016-09-14,5.520002,5.640002,5.280002,5.280002,5.280002,451100
2016-09-15,5.400002,5.520002,4.920001999999999,5.1600019999999995,5.1600019999999995,783600
2016-09-16,5.25,6.0,5.25,5.55,5.55,18600
2016-09-19,5.6,6.0,5.15,5.94,5.94,48700
2016-09-20,5.95,6.9,5.9,6.75,6.75,22700
2016-09-21,6.8,6.8,6.4,6.62,6.62,11500
2016-09-22,6.63,7.1,6.55,7.09,7.09,31200
2016-09-23,7.09,7.12,7.0,7.12,7.12,29800
2016-09-26,7.15,7.15,6.99,6.99,6.99,12700
2016-09-27,6.5,7.15,6.5,6.72,6.72,5500
2016-09-28,6.79,6.79,6.05,6.35,6.35,9100
2016-09-29,6.05,6.1,6.01,6.04,6.04,7100
2016-09-30,6.1,6.7,6.05,6.69,6.69,22900
2016-10-03,6.68,6.68,6.5,6.66,6.66,5300
2016-10-04,6.65,6.65,6.06,6.65,6.65,17100
2016-10-05,6.6,6.6,6.32,6.35,6.35,1800
2016-10-06,6.4,6.69,6.1,6.22,6.22,9600
2016-10-07,6.24,6.58,6.24,6.5,6.5,3800
2016-10-10,6.41,6.42,6.32,6.42,6.42,1200
2016-10-11,6.32,6.32,6.1,6.16,6.16,4000
2016-10-12,6.22,6.26,6.18,6.18,6.18,4600
2016-10-13,6.17,6.25,6.0,6.06,6.06,12500
2016-10-14,6.13,6.13,5.0,5.5,5.5,32100
2016-10-17,5.5,5.5,3.95,4.26,4.26,40300
2016-10-18,4.21,4.8,4.21,4.68,4.68,17100
2016-10-19,4.71,4.71,4.4,4.6,4.6,21500
2016-10-20,4.6,4.6,4.5,4.5,4.5,7100
2016-10-21,4.6,4.6,4.5,4.55,4.55,1900
2016-10-24,4.59,4.59,4.55,4.55,4.55,10800
2016-10-25,4.59,6.2,4.55,5.55,5.55,11400
2016-10-26,5.1,6.2,5.0,5.96,5.96,44700
2016-10-27,5.55,5.55,5.0,5.4,5.4,6500
2016-10-28,5.15,5.2,4.9,5.1,5.1,10800
2016-10-31,5.2,5.5,4.8,5.0,5.0,5400
2016-11-01,5.0,5.5,5.0,5.11,5.11,7200
2016-11-02,5.0,5.0,4.91,4.95,4.95,2100
2016-11-03,5.0,5.5,5.0,5.2,5.2,9300
2016-11-04,5.3,5.95,5.3,5.73,5.73,20500
2016-11-07,5.5,5.96,5.4,5.6,5.6,23300
2016-11-08,5.66,5.66,5.35,5.47,5.47,19800
2016-11-09,5.1,5.68,5.1,5.51,5.51,6800
2016-11-10,5.4,5.72,5.1,5.18,5.18,19400
2016-11-11,5.18,5.18,4.6,4.85,4.85,40600
2016-11-14,4.77,4.8,4.64,4.77,4.77,8500
2016-11-15,4.71,4.82,4.6,4.74,4.74,22500
2016-11-16,4.66,4.7,4.4,4.65,4.65,57600
2016-11-17,4.67,5.0,4.29,4.33,4.33,87000
2016-11-18,4.61,4.64,4.4,4.55,4.55,5300
2016-11-21,4.7,4.8,4.65,4.8,4.8,6400
2016-11-22,4.8,5.0,4.66,4.99,4.99,9400
2016-11-23,5.0,5.0,4.71,4.99,4.99,7800
2016-11-25,4.95,4.95,4.65,4.75,4.75,10000
2016-11-28,4.57,4.9,4.57,4.82,4.82,21400
2016-11-29,4.91,4.91,4.8,4.81,4.81,4200
2016-11-30,4.74,4.85,4.45,4.54,4.54,35700
2016-12-01,4.66,4.69,4.38,4.57,4.57,8700
2016-12-02,4.5,4.5,4.38,4.4,4.4,12300
2016-12-05,4.52,4.57,4.21,4.39,4.39,20400
2016-12-06,4.33,4.4,3.9,4.07,4.07,71600
2016-12-07,4.1,4.25,4.1,4.12,4.12,35500
2016-12-08,4.19,4.5,4.15,4.42,4.42,21400
2016-12-09,4.36,4.95,4.3,4.4,4.4,47700
2016-12-12,4.44,4.95,4.44,4.94,4.94,60500
2016-12-13,4.9,5.0,4.58,5.0,5.0,60800
2016-12-14,4.81,5.29,4.81,5.25,5.25,48300
2016-12-15,5.21,5.25,4.85,5.07,5.07,14500
2016-12-16,5.05,5.19,4.5,4.6,4.6,91000
2016-12-19,4.69,4.98,4.52,4.98,4.98,79200
2016-12-20,4.88,4.94,4.51,4.62,4.62,36100
2016-12-21,4.58,4.83,4.54,4.54,4.54,35300
2016-12-22,4.68,4.68,4.52,4.6,4.6,5000
2016-12-23,4.55,4.8,4.55,4.65,4.65,10000
2016-12-27,4.59,4.65,4.1,4.15,4.15,59500
2016-12-28,4.15,4.16,4.0,4.06,4.06,31800
2016-12-29,4.06,4.11,3.73,3.8,3.8,118800
2016-12-30,3.79,4.0,3.32,3.88,3.88,72800
2017-01-03,3.7,4.2,3.7,3.91,3.91,44500
2017-01-04,3.93,4.3,3.9,4.18,4.18,54200
2017-01-05,3.75,4.5,3.71,4.45,4.45,29200
2017-01-06,4.67,4.73,4.2,4.41,4.41,56500
2017-01-09,4.41,4.54,4.15,4.47,4.47,58800
2017-01-10,4.6,4.96,4.51,4.75,4.75,57000
2017-01-11,4.8,4.8,4.37,4.75,4.75,21900
2017-01-12,4.79,4.95,4.39,4.85,4.85,48000
2017-01-13,4.75,4.79,4.32,4.67,4.67,41000
2017-01-17,4.65,4.66,4.5,4.66,4.66,16200
2017-01-18,4.54,4.6,4.47,4.47,4.47,8900
2017-01-19,4.4,4.6,4.4,4.42,4.42,5600
2017-01-20,4.48,4.48,4.3,4.4,4.4,11500
2017-01-23,4.4,4.4,4.26,4.31,4.31,35700
2017-01-24,4.37,4.55,4.21,4.55,4.55,49000
2017-01-25,4.45,4.81,4.4,4.4,4.4,58800
2017-01-26,4.45,4.5,4.15,4.15,4.15,22900
2017-01-27,4.16,4.46,4.15,4.29,4.29,23900
2017-01-30,4.29,4.29,4.08,4.2,4.2,11800
2017-01-31,4.15,4.23,4.11,4.18,4.18,33000
2017-02-01,4.2,4.58,4.2,4.27,4.27,33300
2017-02-02,4.32,4.59,4.32,4.45,4.45,4600
2017-02-03,4.41,4.41,4.2,4.31,4.31,13800
2017-02-06,4.22,4.31,4.12,4.23,4.23,48300
2017-02-07,4.23,4.48,4.23,4.45,4.45,17900
2017-02-08,4.42,4.42,4.2,4.31,4.31,8200
2017-02-09,4.39,4.5,4.28,4.3,4.3,14900
2017-02-10,4.34,4.48,4.22,4.22,4.22,33600
2017-02-13,4.12,4.12,3.93,4.0,4.0,45700
2017-02-14,3.98,4.22,3.88,4.08,4.08,34400
2017-02-15,4.2,4.5,4.11,4.28,4.28,61300
2017-02-16,4.36,4.4,4.19,4.28,4.28,25800
2017-02-17,4.19,4.42,4.15,4.4,4.4,37200
2017-02-21,4.29,4.45,4.14,4.3,4.3,84500
2017-02-22,4.25,4.97,4.25,4.67,4.67,229900
2017-02-23,4.76,4.77,4.33,4.58,4.58,42600
2017-02-24,4.65,4.74,4.1,4.3,4.3,54200
2017-02-27,4.37,4.7,4.31,4.63,4.63,42800
2017-02-28,4.7,4.7,4.51,4.51,4.51,26600
2017-03-01,4.5,4.79,4.38,4.74,4.74,94500
2017-03-02,4.82,4.82,4.43,4.45,4.45,28200
2017-03-03,4.45,4.46,4.35,4.44,4.44,25200
2017-03-06,4.49,4.61,4.35,4.43,4.43,39000
2017-03-07,4.37,4.46,4.3,4.4,4.4,17000
2017-03-08,4.4,4.5,4.22,4.31,4.31,25300
2017-03-09,4.31,4.33,4.11,4.22,4.22,31500
2017-03-10,4.3,4.48,4.15,4.39,4.39,55700
2017-03-13,4.4,4.63,4.4,4.62,4.62,16300
2017-03-14,4.78,4.98,4.51,4.81,4.81,159400
2017-03-15,4.91,4.98,4.7,4.92,4.92,92300
2017-03-16,4.93,5.35,4.93,5.1,5.1,192200
2017-03-17,5.15,5.21,4.79,4.86,4.86,74700
2017-03-20,4.8,5.1,4.74,4.74,4.74,24500
2017-03-21,4.71,4.72,4.47,4.62,4.62,27400
2017-03-22,4.59,4.59,4.35,4.35,4.35,9000
2017-03-23,4.5,4.74,4.32,4.73,4.73,64300
2017-03-24,4.75,4.85,4.53,4.56,4.56,50000
2017-03-27,4.51,4.57,4.4,4.57,4.57,29700
2017-03-28,4.53,4.55,4.35,4.37,4.37,37600
2017-03-29,4.4,4.46,4.22,4.31,4.31,36700
2017-03-30,4.35,4.35,4.3,4.32,4.32,7400
2017-03-31,4.35,4.57,4.34,4.49,4.49,41400
2017-04-03,4.5,4.5,4.32,4.37,4.37,24000
2017-04-04,4.3,4.62,4.3,4.33,4.33,30000
2017-04-05,4.35,4.41,4.22,4.26,4.26,68400
2017-04-06,4.34,4.4,4.23,4.31,4.31,32900
2017-04-07,4.26,4.3,4.23,4.27,4.27,23300
2017-04-10,4.32,4.32,4.21,4.22,4.22,20100
2017-04-11,4.19,4.19,4.1,4.15,4.15,17700
2017-04-12,4.1,4.18,4.09,4.11,4.11,9500
2017-04-13,4.18,4.18,4.06,4.06,4.06,27700
2017-04-17,4.13,4.16,4.1,4.12,4.12,11000
2017-04-18,4.11,4.13,4.04,4.04,4.04,23300
2017-04-19,4.25,4.26,4.03,4.12,4.12,18500
2017-04-20,4.1,4.14,4.06,4.13,4.13,6500
2017-04-21,4.13,4.14,4.07,4.09,4.09,7500
2017-04-24,4.11,4.13,4.04,4.13,4.13,9300
2017-04-25,4.06,4.11,4.05,4.11,4.11,9600
2017-04-26,4.07,4.16,4.05,4.11,4.11,29400
2017-04-27,4.11,4.7,4.11,4.17,4.17,39200
2017-04-28,4.19,4.3,4.16,4.2,4.2,25500
2017-05-01,4.12,4.28,4.07,4.27,4.27,16600
2017-05-02,4.18,4.21,4.11,4.12,4.12,14000
2017-05-03,4.13,4.17,4.06,4.11,4.11,16100
2017-05-04,4.16,4.19,4.09,4.11,4.11,18400
2017-05-05,4.1,4.19,4.03,4.05,4.05,62600
2017-05-08,4.01,4.1,3.59,3.7,3.7,85400
2017-05-09,3.75,4.1,3.71,3.79,3.79,29000
2017-05-10,3.8,3.8,3.64,3.75,3.75,16200
2017-05-11,3.7,3.71,3.39,3.47,3.47,38000
2017-05-12,3.45,3.99,3.45,3.99,3.99,40800
2017-05-15,3.85,3.97,3.53,3.97,3.97,69400
2017-05-16,4.05,4.05,3.68,3.74,3.74,31100
2017-05-17,3.74,3.74,3.41,3.41,3.41,24400
2017-05-18,3.6,3.61,3.42,3.45,3.45,22600
2017-05-19,3.39,3.53,3.08,3.53,3.53,38000
2017-05-22,3.9,3.9,3.53,3.54,3.54,28100
2017-05-23,3.55,3.68,3.48,3.56,3.56,8400
2017-05-24,3.84,3.84,3.4,3.72,3.72,10600
2017-05-25,3.65,3.74,3.52,3.74,3.74,11100
2017-05-26,3.56,3.71,3.5,3.71,3.71,11500
2017-05-30,3.75,3.88,3.56,3.88,3.88,29300
2017-05-31,3.72,3.97,3.7,3.9,3.9,26700
2017-06-01,3.75,4.27,3.61,4.05,4.05,65400
2017-06-02,4.08,4.13,3.82,3.82,3.82,29300
2017-06-05,3.93,3.93,3.66,3.72,3.72,8300
2017-06-06,3.66,3.84,3.66,3.76,3.76,24900
2017-06-07,3.81,3.81,3.67,3.74,3.74,15700
2017-06-08,3.72,3.73,3.67,3.68,3.68,10700
2017-06-09,3.65,3.84,3.55,3.84,3.84,51500
2017-06-12,3.88,4.13,3.65,3.83,3.83,70800
2017-06-13,3.88,4.01,3.73,3.86,3.86,47400
2017-06-14,3.79,4.04,3.79,3.87,3.87,43700
2017-06-15,3.87,3.93,3.81,3.93,3.93,7400
2017-06-16,3.88,4.06,3.83,4.06,4.06,6700
2017-06-19,3.99,4.05,3.9,4.05,4.05,10200
2017-06-20,3.98,4.13,3.82,3.93,3.93,67200
2017-06-21,3.92,4.09,3.83,3.97,3.97,41600
2017-06-22,3.99,3.99,3.71,3.71,3.71,32400
2017-06-23,3.84,4.0,3.62,4.0,4.0,43300
2017-06-26,4.0,4.0,3.86,3.93,3.93,28500
2017-06-27,4.02,4.02,3.75,3.82,3.82,22300
2017-06-28,3.81,3.86,3.81,3.81,3.81,39200
2017-06-29,3.84,3.9,3.81,3.85,3.85,14200
2017-06-30,3.85,3.89,3.81,3.88,3.88,9500
2017-07-03,3.84,3.84,3.62,3.77,3.77,46000
2017-07-05,3.72,3.75,3.62,3.66,3.66,45800
2017-07-06,3.66,3.79,3.45,3.47,3.47,94700
2017-07-07,3.47,3.55,3.47,3.49,3.49,18200
2017-07-10,3.5,3.51,3.3,3.49,3.49,35500
2017-07-11,3.4,3.46,3.36,3.36,3.36,29700
2017-07-12,3.36,3.45,3.31,3.45,3.45,27100
2017-07-13,3.45,3.84,3.4,3.44,3.44,14700
2017-07-14,3.63,3.73,3.5,3.69,3.69,45700
2017-07-17,3.62,3.8,3.38,3.44,3.44,81800
2017-07-18,3.44,3.7,3.44,3.52,3.52,28600
2017-07-19,3.5,3.56,3.41,3.41,3.41,34400
2017-07-20,3.49,3.51,3.34,3.48,3.48,21000
2017-07-21,3.53,3.67,3.41,3.6,3.6,25200
2017-07-24,3.65,3.7,3.01,3.4,3.4,756600
2017-07-25,3.44,3.49,3.25,3.3,3.3,57300
2017-07-26,3.23,3.37,3.2,3.25,3.25,18300
2017-07-27,3.25,3.29,3.04,3.04,3.04,56400
2017-07-28,3.0,3.1,2.98,3.01,3.01,37700
2017-07-31,3.02,3.4,3.01,3.25,3.25,71400
2017-08-01,3.2,3.3,3.09,3.1,3.1,19000
2017-08-02,3.21,3.4,3.02,3.02,3.02,21700
2017-08-03,3.04,3.1,3.0,3.0,3.0,14200
2017-08-04,3.07,3.1,2.85,2.91,2.91,19700
2017-08-07,2.8,3.08,2.78,2.89,2.89,39500
2017-08-08,2.81,3.35,2.81,2.97,2.97,30900
2017-08-09,3.0,3.14,2.86,2.91,2.91,22000
2017-08-10,2.8,3.01,2.69,2.78,2.78,17700
2017-08-11,2.86,3.05,2.7,2.92,2.92,30200
2017-08-14,2.95,2.95,2.82,2.83,2.83,12000
2017-08-15,2.8,2.84,2.68,2.75,2.75,20600
2017-08-16,3.0,3.0,2.8,2.95,2.95,25000
2017-08-17,3.0,3.03,2.9,2.9,2.9,15500
2017-08-18,2.9,3.39,2.87,3.38,3.38,14700
2017-08-21,3.31,3.32,2.92,2.94,2.94,29400
2017-08-22,2.96,3.1,2.86,3.01,3.01,36700
2017-08-23,2.91,3.08,2.91,3.0,3.0,20700
2017-08-24,2.95,3.07,2.9,3.02,3.02,21500
2017-08-25,3.05,3.07,2.9,3.04,3.04,20400
2017-08-28,3.1,3.1,3.01,3.05,3.05,5600
2017-08-29,3.06,3.06,3.04,3.04,3.04,3000
2017-08-30,3.0,3.28,3.0,3.28,3.28,37100
2017-08-31,3.31,3.49,3.03,3.25,3.25,45900
2017-09-01,3.21,3.23,3.02,3.05,3.05,29900
2017-09-05,3.18,3.18,3.03,3.03,3.03,21900
2017-09-06,3.08,3.1,3.05,3.05,3.05,3800
2017-09-07,3.16,3.16,3.0,3.02,3.02,15100
2017-09-08,3.08,3.23,3.02,3.23,3.23,9000
2017-09-11,3.27,3.27,3.07,3.12,3.12,10100
2017-09-12,3.27,3.28,2.98,2.98,2.98,11900
2017-09-13,3.13,3.21,3.0,3.0,3.0,13900
2017-09-14,3.0,3.05,2.93,2.94,2.94,15000
2017-09-15,3.05,3.05,2.98,3.05,3.05,10600
2017-09-18,3.01,3.28,2.97,3.07,3.07,31400
2017-09-19,3.05,3.27,3.05,3.09,3.09,17200
2017-09-20,3.16,3.46,3.05,3.08,3.08,43200
2017-09-21,3.09,3.25,2.91,3.02,3.02,44900
2017-09-22,3.0,3.21,3.0,3.18,3.18,35900
2017-09-25,3.13,3.17,2.95,3.09,3.09,73000
2017-09-26,3.03,3.15,3.0,3.12,3.12,14700
2017-09-27,3.07,3.15,3.0,3.13,3.13,9700
2017-09-28,3.12,3.12,3.0,3.05,3.05,16000
2017-09-29,3.05,3.1,3.0,3.01,3.01,7500
2017-10-02,3.0,3.05,2.97,3.02,3.02,11900
2017-10-03,3.05,3.09,3.01,3.01,3.01,7500
2017-10-04,3.0,3.1,3.0,3.01,3.01,14700
2017-10-05,3.1,3.42,3.1,3.33,3.33,82700
2017-10-06,3.35,3.36,3.16,3.2,3.2,14800
2017-10-09,3.13,3.33,3.12,3.31,3.31,11700
2017-10-10,3.28,3.28,3.13,3.15,3.15,7700
2017-10-11,3.18,3.18,3.1,3.11,3.11,17000
2017-10-12,3.1,3.3,3.1,3.11,3.11,3200
2017-10-13,3.25,3.3,3.17,3.17,3.17,14800
2017-10-16,3.18,3.28,3.18,3.28,3.28,800
2017-10-17,3.21,3.21,3.15,3.16,3.16,6300
2017-10-18,3.18,3.19,3.08,3.18,3.18,7000
2017-10-19,3.14,3.2,3.07,3.16,3.16,13100
2017-10-20,3.19,3.19,3.09,3.11,3.11,10300
2017-10-23,3.15,3.15,3.05,3.09,3.09,9800
2017-10-24,3.06,3.06,2.97,2.97,2.97,21700
2017-10-25,2.97,2.98,2.93,2.98,2.98,5400
2017-10-26,3.01,3.15,2.94,3.15,3.15,5600
2017-10-27,3.14,3.18,2.97,2.97,2.97,2700
2017-10-30,2.98,2.98,2.94,2.97,2.97,16000
2017-10-31,3.15,3.17,2.96,3.02,3.02,6300
2017-11-01,3.01,3.02,2.87,2.87,2.87,7700
2017-11-02,2.77,3.13,2.76,3.13,3.13,1700
2017-11-03,3.13,3.13,2.94,2.95,2.95,9100
2017-11-06,2.94,2.94,2.81,2.81,2.81,14200
2017-11-07,2.8,2.94,2.8,2.92,2.92,4600
2017-11-08,2.9,2.9,2.75,2.87,2.87,10900
2017-11-09,2.81,2.82,2.7,2.7,2.7,46100
2017-11-10,2.7,2.7,2.62,2.7,2.7,26300
2017-11-13,2.66,2.96,2.66,2.7,2.7,41700
2017-11-14,2.77,2.77,2.62,2.62,2.62,41200
2017-11-15,2.66,2.72,2.64,2.66,2.66,9800
2017-11-16,2.67,2.74,2.65,2.69,2.69,18300
2017-11-17,2.67,2.74,2.61,2.64,2.64,25000
2017-11-20,2.64,2.73,2.62,2.65,2.65,26300
2017-11-21,2.68,2.68,2.62,2.62,2.62,26800
2017-11-22,2.65,2.69,2.6,2.69,2.69,4500
2017-11-24,2.73,2.77,2.69,2.77,2.77,8200
2017-11-27,2.72,2.79,2.67,2.7,2.7,12200
2017-11-28,2.67,2.8,2.65,2.73,2.73,14300
2017-11-29,2.7,2.78,2.68,2.69,2.69,11100
2017-11-30,2.72,2.8,2.69,2.78,2.78,22400
2017-12-01,3.0,3.0,2.79,2.91,2.91,20000
2017-12-04,2.97,2.97,2.82,2.94,2.94,27900
2017-12-05,2.98,3.0,2.97,3.0,3.0,19300
2017-12-06,3.0,3.0,2.97,3.0,3.0,33100
2017-12-07,3.0,3.0,2.95,3.0,3.0,41800
2017-12-08,3.0,3.19,2.98,3.07,3.07,71500
2017-12-11,3.11,3.15,3.02,3.11,3.11,15000
2017-12-12,3.15,3.15,3.05,3.09,3.09,12900
2017-12-13,3.11,3.29,3.0,3.2,3.2,50600
2017-12-14,3.26,3.36,3.26,3.29,3.29,44500
2017-12-15,3.27,3.3,3.1,3.1,3.1,41300
2017-12-18,3.1,3.34,3.09,3.09,3.09,36600
2017-12-19,3.0,3.44,3.0,3.04,3.04,71500
2017-12-20,3.09,3.29,3.09,3.22,3.22,13900
2017-12-21,3.2,3.9,3.2,3.87,3.87,215900
2017-12-22,3.87,4.41,3.87,4.21,4.21,421300
2017-12-26,4.21,4.21,3.77,4.0,4.0,97700
2017-12-27,3.98,4.07,3.9,4.05,4.05,34800
2017-12-28,4.05,4.07,3.91,4.05,4.05,36300
2017-12-29,4.08,4.08,3.81,3.92,3.92,40900
2018-01-02,3.92,4.07,3.75,4.07,4.07,122800
2018-01-03,4.07,4.07,3.9,4.02,4.02,40700
2018-01-04,3.92,4.0,3.78,3.83,3.83,48100
2018-01-05,3.94,4.01,3.83,3.88,3.88,23900
2018-01-08,3.84,3.95,3.42,3.6,3.6,57100
2018-01-09,3.51,3.63,3.46,3.48,3.48,36400
2018-01-10,3.52,3.54,3.35,3.35,3.35,40100
2018-01-11,3.5,3.52,3.41,3.47,3.47,60700
2018-01-12,3.5,3.65,3.39,3.61,3.61,53400
2018-01-16,3.68,3.73,3.54,3.65,3.65,35100
2018-01-17,3.7,3.89,3.7,3.85,3.85,63300
2018-01-18,3.87,4.0,3.67,3.69,3.69,67500
2018-01-19,3.84,4.0,3.81,3.96,3.96,79600
2018-01-22,3.96,4.25,3.9,4.04,4.04,114700
2018-01-23,4.0,4.03,3.81,3.82,3.82,39700
2018-01-24,3.97,3.97,3.75,3.91,3.91,32400
2018-01-25,3.98,3.98,3.77,3.85,3.85,27800
2018-01-26,3.85,3.85,3.75,3.8,3.8,24600
2018-01-29,3.76,3.79,3.69,3.74,3.74,18100
2018-01-30,3.68,3.9,3.62,3.71,3.71,26100
2018-01-31,3.71,3.97,3.65,3.9,3.9,21100
2018-02-01,3.81,3.96,3.66,3.7,3.7,31400
2018-02-02,3.79,3.88,3.51,3.53,3.53,44000
2018-02-05,3.5,3.93,3.5,3.67,3.67,68300
2018-02-06,3.73,3.77,3.51,3.76,3.76,25400
2018-02-07,3.7,3.7,3.51,3.64,3.64,19200
2018-02-08,3.67,3.68,3.46,3.49,3.49,28500
2018-02-09,3.56,3.66,3.08,3.49,3.49,66400
2018-02-12,3.59,3.86,3.36,3.46,3.46,78700
2018-02-13,3.54,3.68,3.31,3.5,3.5,38300
2018-02-14,3.51,3.53,3.36,3.5,3.5,44200
2018-02-15,3.44,3.45,3.23,3.25,3.25,51500
2018-02-16,3.24,3.44,3.06,3.07,3.07,44500
2018-02-20,3.0,3.2,2.97,3.15,3.15,96100
2018-02-21,3.15,3.23,3.0,3.07,3.07,47200
2018-02-22,3.07,3.14,2.92,2.97,2.97,31400
2018-02-23,3.0,3.25,2.99,3.16,3.16,31700
2018-02-26,3.17,3.17,2.98,3.04,3.04,38000
2018-02-27,3.07,3.2,3.02,3.13,3.13,14800
2018-02-28,3.11,3.25,3.11,3.25,3.25,17500
2018-03-01,3.24,3.24,3.13,3.18,3.18,19700
2018-03-02,3.15,3.17,3.05,3.15,3.15,51800
2018-03-05,3.1,3.49,3.1,3.25,3.25,60300
2018-03-06,3.28,3.41,3.13,3.28,3.28,43800
2018-03-07,3.38,3.69,3.3,3.42,3.42,37100
2018-03-08,3.46,3.51,3.36,3.49,3.49,25600
2018-03-09,3.45,3.59,3.45,3.54,3.54,20000
2018-03-12,3.61,3.61,3.37,3.59,3.59,25000
2018-03-13,3.61,3.61,3.37,3.49,3.49,8000
2018-03-14,3.48,3.52,3.41,3.42,3.42,20600
2018-03-15,3.94,3.99,3.6,3.67,3.67,446600
2018-03-16,3.67,3.89,3.57,3.65,3.65,62800
2018-03-19,3.63,3.63,3.41,3.55,3.55,40000
2018-03-20,3.58,3.58,3.49,3.53,3.53,19500
2018-03-21,3.57,3.66,3.42,3.54,3.54,18800
2018-03-22,3.65,3.65,3.47,3.51,3.51,15900
2018-03-23,3.5,3.57,3.44,3.45,3.45,37400
2018-03-26,3.54,3.66,3.38,3.66,3.66,19800
2018-03-27,3.63,3.63,3.35,3.37,3.37,22700
2018-03-28,3.33,3.45,3.31,3.32,3.32,17900
2018-03-29,3.33,3.44,3.32,3.38,3.38,31600
2018-04-02,3.34,3.42,3.3,3.42,3.42,25500
2018-04-03,3.45,3.5,3.41,3.41,3.41,39500
2018-04-04,3.46,3.65,3.45,3.61,3.61,29000
2018-04-05,3.63,3.65,3.48,3.64,3.64,29300
2018-04-06,3.58,3.58,3.3,3.33,3.33,32800
2018-04-09,3.4,3.43,3.3,3.39,3.39,31900
2018-04-10,3.34,3.39,3.31,3.38,3.38,12900
2018-04-11,3.39,3.39,3.32,3.36,3.36,3600
2018-04-12,3.45,3.5,3.29,3.3,3.3,23500
2018-04-13,3.4,3.57,3.3,3.45,3.45,82200
2018-04-16,3.51,3.51,3.31,3.38,3.38,20800
2018-04-17,3.44,3.44,3.29,3.38,3.38,18700
2018-04-18,3.35,3.39,3.11,3.11,3.11,68400
2018-04-19,3.05,3.28,3.01,3.01,3.01,25900
2018-04-20,3.0,3.04,2.77,2.91,2.91,75300
2018-04-23,2.96,3.1,2.58,2.91,2.91,120200
2018-04-24,2.9,3.0,2.66,2.79,2.79,55600
2018-04-25,2.75,2.84,2.75,2.78,2.78,15900
2018-04-26,2.79,2.79,2.71,2.71,2.71,10700
2018-04-27,2.75,2.81,2.68,2.7,2.7,14600
2018-04-30,2.65,2.9,2.65,2.65,2.65,52100
2018-05-01,2.77,3.08,2.75,2.99,2.99,66100
2018-05-02,3.01,3.05,2.83,2.92,2.92,21000
2018-05-03,2.98,3.05,2.9,2.9,2.9,10300
2018-05-04,2.92,3.02,2.84,2.91,2.91,20800
2018-05-07,2.86,2.99,2.85,2.86,2.86,12700
2018-05-08,2.86,3.0,2.79,2.93,2.93,22200
2018-05-09,2.95,3.15,2.89,2.98,2.98,44500
2018-05-10,2.91,3.1,2.84,2.91,2.91,76800
2018-05-11,2.89,2.98,2.82,2.88,2.88,36100
2018-05-14,3.0,3.04,2.92,3.0,3.0,42300
2018-05-15,3.05,3.05,2.97,3.03,3.03,70300
2018-05-16,3.03,3.4,2.99,3.26,3.26,153200
2018-05-17,3.32,3.85,3.29,3.48,3.48,310400
2018-05-18,3.49,3.96,3.49,3.69,3.69,198500
2018-05-21,3.7,3.85,3.63,3.64,3.64,192900
2018-05-22,3.68,3.74,3.43,3.44,3.44,76900
2018-05-23,3.5,3.5,3.35,3.38,3.38,34200
2018-05-24,3.49,3.75,3.33,3.68,3.68,139000
2018-05-25,3.76,3.95,3.6,3.91,3.91,123700
2018-05-29,3.92,4.1,3.9,4.1,4.1,301200
2018-05-30,4.19,5.2,4.18,5.09,5.09,1694900
2018-05-31,5.4,7.01,5.0,5.16,5.16,3351400
2018-06-01,5.26,5.51,4.76,4.89,4.89,688900
2018-06-04,4.8,4.84,4.41,4.8,4.8,304600
2018-06-05,4.76,5.55,4.62,5.34,5.34,322700
2018-06-06,5.43,6.25,5.24,5.94,5.94,702700
2018-06-07,6.02,6.08,5.52,5.95,5.95,253500
2018-06-08,5.84,10.91,5.75,9.0,9.0,13267300
2018-06-11,8.6,9.0,7.85,8.31,8.31,1259900
2018-06-12,8.72,8.74,7.31,7.7,7.7,632700
2018-06-13,7.67,8.5,7.51,8.47,8.47,482100
2018-06-14,8.69,8.71,8.03,8.65,8.65,324400
2018-06-15,8.64,10.7,8.42,10.5,10.5,2104000
2018-06-18,10.74,12.85,10.61,12.33,12.33,2717200
2018-06-19,12.33,13.55,10.8,11.3,11.3,1559100
2018-06-20,11.55,12.45,11.42,11.53,11.53,642300
2018-06-21,11.55,11.88,10.0,10.83,10.83,799200
2018-06-22,10.85,10.91,9.69,9.98,9.98,360800
2018-06-25,9.99,10.9,9.7,10.5,10.5,475000
2018-06-26,10.5,11.25,9.94,10.74,10.74,442600
2018-06-27,10.75,10.75,8.76,9.1,9.1,568200
2018-06-28,9.0,9.65,8.93,9.28,9.28,206700
2018-06-29,9.31,9.48,9.02,9.43,9.43,156500
2018-07-02,9.3,10.2,9.11,9.88,9.88,125200
2018-07-03,9.96,10.03,9.21,9.54,9.54,91800
2018-07-05,9.77,10.0,9.64,9.76,9.76,72300
2018-07-06,9.74,10.31,9.69,10.12,10.12,218300
2018-07-09,10.1,10.76,9.75,10.1,10.1,190600
2018-07-10,10.07,10.22,9.51,9.54,9.54,133400
2018-07-11,9.5,9.67,9.04,9.38,9.38,119300
2018-07-12,9.45,9.57,9.31,9.46,9.46,64700
2018-07-13,9.52,10.65,9.39,10.4,10.4,274200
2018-07-16,10.37,10.92,10.05,10.13,10.13,178900
2018-07-17,10.05,10.4,9.55,9.89,9.89,131300
2018-07-18,9.88,9.91,9.68,9.76,9.76,75400
2018-07-19,9.74,9.97,9.65,9.92,9.92,83200
2018-07-20,9.92,10.08,9.12,9.31,9.31,338000
2018-07-23,9.3,9.49,9.11,9.43,9.43,109500
2018-07-24,9.45,9.57,7.71,7.84,7.84,475900
2018-07-25,7.63,7.79,7.24,7.24,7.24,363200
2018-07-26,7.25,7.34,6.53,6.84,6.84,535600
2018-07-27,6.9,6.93,6.6,6.72,6.72,133200
2018-07-30,6.69,7.33,6.6,6.86,6.86,168900
2018-07-31,6.85,7.2,6.75,7.01,7.01,79900
2018-08-01,6.95,7.97,6.9,7.76,7.76,239400
2018-08-02,7.73,8.27,7.45,7.84,7.84,132800
2018-08-03,7.86,8.01,7.25,7.28,7.28,105500
2018-08-06,7.29,7.58,7.0,7.53,7.53,76700
2018-08-07,7.54,7.72,7.3,7.56,7.56,56200
2018-08-08,7.57,7.57,6.83,7.26,7.26,207100
2018-08-09,7.21,8.43,7.21,8.23,8.23,214900
2018-08-10,8.5,8.5,7.57,7.63,7.63,502300
2018-08-13,7.51,8.04,7.3,7.71,7.71,96200
2018-08-14,7.7,8.25,7.7,8.21,8.21,60800
2018-08-15,8.09,8.1,7.5,7.75,7.75,96600
2018-08-16,7.8,8.02,7.6,7.99,7.99,91100
2018-08-17,7.89,8.19,7.65,7.79,7.79,114300
2018-08-20,7.83,7.92,7.7,7.79,7.79,54100
2018-08-21,7.85,7.95,7.47,7.55,7.55,38300
2018-08-22,7.63,7.75,7.4,7.5,7.5,79900
2018-08-23,7.5,7.63,7.42,7.45,7.45,48100
2018-08-24,7.47,7.48,7.03,7.33,7.33,70700
2018-08-27,7.43,7.64,6.91,7.22,7.22,82200
2018-08-28,7.22,7.23,7.0,7.04,7.04,62700
2018-08-29,7.11,7.43,7.05,7.1,7.1,106700
2018-08-30,7.16,7.29,7.1,7.23,7.23,69900
2018-08-31,7.25,9.18,7.25,8.62,8.62,676800
2018-09-04,8.77,9.93,8.54,9.64,9.64,484300
2018-09-05,9.67,10.38,9.05,9.65,9.65,383800
2018-09-06,9.66,9.67,9.07,9.18,9.18,120700
2018-09-07,9.19,9.85,9.18,9.3,9.3,157200
2018-09-10,9.38,9.65,8.01,8.26,8.26,318000
2018-09-11,8.17,8.89,8.09,8.21,8.21,82400
2018-09-12,8.17,9.54,8.17,9.49,9.49,228500
